iso3,country,year,variable,previous_year_value,current_year_value,absolute_jump,jump_std_ratio,notes
SGP,Singapore,2021,gdp_pc_ppp,116684.2136,133990.1868,17305.9732,9.17,Jump exceeds 3*std of annual delta (5659.47)
SGP,Singapore,2021,labor_productivity,201622.5739,226321.5309,24698.957,7.95,Jump exceeds 3*std of annual delta (9324.56)
THA,Thailand,2018,urban_pop_rate,49.2312,54.5844,5.3532,7.87,Jump exceeds 3*std of annual delta (2.04)
LAO,Lao PDR,2022,ict_serv_exp,33.0411,5.5054,-27.5357,6.77,Jump exceeds 3*std of annual delta (12.2)
LAO,Lao PDR,2022,inflation_cpi,3.7556,22.9562,19.2006,6.63,Jump exceeds 3*std of annual delta (8.69)
SGP,Singapore,2023,ln_pop,15.5449,15.5934,0.0486,6.51,Jump exceeds 3*std of annual delta (0.02)
KHM,Cambodia,2017,electricity_access,68.8,89.1,20.3,6.44,Jump exceeds 3*std of annual delta (9.45)
MMR,Myanmar,2021,emp_rate_male,75.172,66.981,-8.191,6.4,Jump exceeds 3*std of annual delta (3.84)
THA,Thailand,2014,emp_self,58.1202,52.6422,-5.478,6.31,Jump exceeds 3*std of annual delta (2.6)
THA,Thailand,2014,emp_wage_salaried,41.8798,47.3578,5.478,6.31,Jump exceeds 3*std of annual delta (2.6)
SGP,Singapore,2021,secure_servers,128377.7307,176692.0947,48314.364,6.31,Jump exceeds 3*std of annual delta (22963.15)
KHM,Cambodia,2018,lag1_electricity_access,68.8,89.1,20.3,6.3,Jump exceeds 3*std of annual delta (9.67)
KHM,Cambodia,2019,lag1_internet_users,32.9003,65.0,32.0997,6.3,Jump exceeds 3*std of annual delta (15.29)
SGP,Singapore,2022,lag1_secure_servers,128377.7307,176692.0947,48314.364,6.27,Jump exceeds 3*std of annual delta (23106.93)
KHM,Cambodia,2018,internet_users,32.9003,65.0,32.0997,6.22,Jump exceeds 3*std of annual delta (15.47)
SGP,Singapore,2023,lag2_secure_servers,128377.7307,176692.0947,48314.364,6.2,Jump exceeds 3*std of annual delta (23370.99)
KHM,Cambodia,2020,lag2_internet_users,32.9003,65.0,32.0997,6.18,Jump exceeds 3*std of annual delta (15.59)
KHM,Cambodia,2019,lag2_electricity_access,68.8,89.1,20.3,6.15,Jump exceeds 3*std of annual delta (9.91)
BRN,Brunei Darussalam,2018,hightech_exp,29.8495,0.0424,-29.807,6.1,Jump exceeds 3*std of annual delta (14.66)
BRN,Brunei Darussalam,2019,unemp_youth,30.809,20.141,-10.668,5.82,Jump exceeds 3*std of annual delta (5.5)
BRN,Brunei Darussalam,2021,unemp_youth,26.852,16.238,-10.614,5.79,Jump exceeds 3*std of annual delta (5.5)
KHM,Cambodia,2019,diff_internet_users,32.0997,-12.6941,-44.7938,5.69,Jump exceeds 3*std of annual delta (23.61)
SGP,Singapore,2021,ln_pop,15.5535,15.5118,-0.0417,5.59,Jump exceeds 3*std of annual delta (0.02)
THA,Thailand,2014,emp_vulnerable,54.8578,49.6768,-5.181,5.57,Jump exceeds 3*std of annual delta (2.79)
LAO,Lao PDR,2021,ict_serv_exp,10.757,33.0411,22.2841,5.48,Jump exceeds 3*std of annual delta (12.2)
MMR,Myanmar,2021,emp_rate_total,59.263,52.796,-6.467,5.2,Jump exceeds 3*std of annual delta (3.73)
SGP,Singapore,2017,secure_servers,19060.7465,58690.3335,39629.5869,5.18,Jump exceeds 3*std of annual delta (22963.15)
MMR,Myanmar,2021,unemp_total,1.476,4.34,2.864,5.18,Jump exceeds 3*std of annual delta (1.66)
SGP,Singapore,2018,lag1_secure_servers,19060.7465,58690.3335,39629.5869,5.15,Jump exceeds 3*std of annual delta (23106.93)
MMR,Myanmar,2021,unemp_male,1.054,3.923,2.869,5.11,Jump exceeds 3*std of annual delta (1.68)
KHM,Cambodia,2017,lag1_internet_users,6.4332,32.3985,25.9653,5.09,Jump exceeds 3*std of annual delta (15.29)
SGP,Singapore,2019,lag2_secure_servers,19060.7465,58690.3335,39629.5869,5.09,Jump exceeds 3*std of annual delta (23370.99)
KHM,Cambodia,2016,internet_users,6.4332,32.3985,25.9653,5.04,Jump exceeds 3*std of annual delta (15.47)
KHM,Cambodia,2018,lag2_internet_users,6.4332,32.3985,25.9653,5.0,Jump exceeds 3*std of annual delta (15.59)
MMR,Myanmar,2022,diff_unemp_total,2.864,-1.277,-4.141,4.94,Jump exceeds 3*std of annual delta (2.52)
SGP,Singapore,2019,secure_servers,84713.8584,122481.3796,37767.5213,4.93,Jump exceeds 3*std of annual delta (22963.15)
SGP,Singapore,2020,lag1_secure_servers,84713.8584,122481.3796,37767.5213,4.9,Jump exceeds 3*std of annual delta (23106.93)
MMR,Myanmar,2021,unemp_female,2.174,5.03,2.856,4.86,Jump exceeds 3*std of annual delta (1.76)
SGP,Singapore,2021,lag2_secure_servers,84713.8584,122481.3796,37767.5213,4.85,Jump exceeds 3*std of annual delta (23370.99)
MMR,Myanmar,2015,unemp_total_nat,3.868,0.766,-3.102,4.83,Jump exceeds 3*std of annual delta (1.92)
VNM,Viet Nam,2015,emp_vulnerable,62.2488,57.7628,-4.486,4.82,Jump exceeds 3*std of annual delta (2.79)
PHL,Philippines,2022,labor_force_part_fe,44.203,50.38,6.177,4.77,Jump exceeds 3*std of annual delta (3.88)
PHL,Philippines,2022,emp_rate_female,42.513,48.939,6.426,4.76,Jump exceeds 3*std of annual delta (4.05)
SGP,Singapore,2022,secure_servers,176692.0947,212649.3386,35957.2439,4.7,Jump exceeds 3*std of annual delta (22963.15)
VNM,Viet Nam,2023,emp_agriculture,33.4624,26.9827,-6.4797,4.69,Jump exceeds 3*std of annual delta (4.14)
SGP,Singapore,2023,lag1_secure_servers,176692.0947,212649.3386,35957.2439,4.67,Jump exceeds 3*std of annual delta (23106.93)
SGP,Singapore,2024,lag2_secure_servers,176692.0947,212649.3386,35957.2439,4.62,Jump exceeds 3*std of annual delta (23370.99)
MMR,Myanmar,2015,youth_neet,28.457,18.62,-9.837,4.62,Jump exceeds 3*std of annual delta (6.39)
KHM,Cambodia,2014,emp_industry,19.2827,23.7681,4.4855,4.6,Jump exceeds 3*std of annual delta (2.93)
PHL,Philippines,2019,ict_goods_exp,37.0,47.76,10.76,4.58,Jump exceeds 3*std of annual delta (7.05)
BRN,Brunei Darussalam,2022,lag2_fixed_broadband,12.2425,15.8868,3.6443,4.54,Jump exceeds 3*std of annual delta (2.41)
BRN,Brunei Darussalam,2021,unemp_male,6.43,3.883,-2.547,4.54,Jump exceeds 3*std of annual delta (1.68)
BRN,Brunei Darussalam,2021,unemp_total,7.409,4.905,-2.504,4.53,Jump exceeds 3*std of annual delta (1.66)
MMR,Myanmar,2017,electricity_access,55.6,69.8,14.2,4.51,Jump exceeds 3*std of annual delta (9.45)
BRN,Brunei Darussalam,2022,gap_unemp_gender,2.566,1.244,-1.322,4.48,Jump exceeds 3*std of annual delta (0.89)
VNM,Viet Nam,2023,tertiary_edu_enr,44.7537,32.8415,-11.9122,4.46,Jump exceeds 3*std of annual delta (8.01)
SGP,Singapore,2022,ln_pop,15.5118,15.5449,0.0331,4.43,Jump exceeds 3*std of annual delta (0.02)
PHL,Philippines,2020,emp_rate_male,71.106,65.464,-5.642,4.41,Jump exceeds 3*std of annual delta (3.84)
MMR,Myanmar,2018,lag1_electricity_access,55.6,69.8,14.2,4.41,Jump exceeds 3*std of annual delta (9.67)
BRN,Brunei Darussalam,2020,fixed_broadband,12.2425,15.8868,3.6443,4.4,Jump exceeds 3*std of annual delta (2.48)
MMR,Myanmar,2021,labor_force_part,60.151,55.191,-4.96,4.35,Jump exceeds 3*std of annual delta (3.42)
PHL,Philippines,2022,labor_force_part,56.471,61.439,4.968,4.35,Jump exceeds 3*std of annual delta (3.42)
MMR,Myanmar,2019,lag2_electricity_access,55.6,69.8,14.2,4.3,Jump exceeds 3*std of annual delta (9.91)
MMR,Myanmar,2021,unemp_youth,4.955,12.818,7.863,4.29,Jump exceeds 3*std of annual delta (5.5)
BRN,Brunei Darussalam,2021,lag1_fixed_broadband,12.2425,15.8868,3.6443,4.27,Jump exceeds 3*std of annual delta (2.56)
KHM,Cambodia,2016,diff_internet_users,-7.5668,25.9653,33.5321,4.26,Jump exceeds 3*std of annual delta (23.61)
PHL,Philippines,2022,emp_rate_total,54.552,59.843,5.291,4.25,Jump exceeds 3*std of annual delta (3.73)
SGP,Singapore,2021,fdi_net_inflows,22.5844,32.2625,9.6781,4.25,Jump exceeds 3*std of annual delta (6.83)
VNM,Viet Nam,2015,emp_self,64.3393,60.6638,-3.6755,4.23,Jump exceeds 3*std of annual delta (2.6)
VNM,Viet Nam,2015,emp_wage_salaried,35.6607,39.3362,3.6755,4.23,Jump exceeds 3*std of annual delta (2.6)
THA,Thailand,2014,emp_agriculture,39.3005,33.493,-5.8075,4.21,Jump exceeds 3*std of annual delta (4.14)
BRN,Brunei Darussalam,2021,unemp_female,8.905,6.449,-2.456,4.18,Jump exceeds 3*std of annual delta (1.76)
PHL,Philippines,2020,labor_force_part,59.444,54.746,-4.698,4.12,Jump exceeds 3*std of annual delta (3.42)
KHM,Cambodia,2016,emp_services,32.6102,36.6963,4.0861,4.09,Jump exceeds 3*std of annual delta (3.0)
BRN,Brunei Darussalam,2023,gap_unemp_gender,1.244,0.039,-1.205,4.08,Jump exceeds 3*std of annual delta (0.89)
SGP,Singapore,2017,fdi_net_inflows,20.3059,29.5741,9.2682,4.07,Jump exceeds 3*std of annual delta (6.83)
BRN,Brunei Darussalam,2018,gap_unemp_gender,1.168,2.366,1.198,4.06,Jump exceeds 3*std of annual delta (0.89)
KHM,Cambodia,2018,diff_internet_users,0.5018,32.0997,31.5979,4.01,Jump exceeds 3*std of annual delta (23.61)
IDN,Indonesia,2012,pop_total,249470032.0,252698525.0,3228493.0,3.97,Jump exceeds 3*std of annual delta (2436617.21)
BRN,Brunei Darussalam,2021,diff_unemp_total,0.809,-2.504,-3.313,3.95,Jump exceeds 3*std of annual delta (2.52)
BRN,Brunei Darussalam,2021,trade_openness,110.291,147.1231,36.8321,3.93,Jump exceeds 3*std of annual delta (28.12)
IDN,Indonesia,2011,pop_total,246305322.0,249470032.0,3164710.0,3.9,Jump exceeds 3*std of annual delta (2436617.21)
BRN,Brunei Darussalam,2021,unemp_total_nat,7.409,4.905,-2.504,3.9,Jump exceeds 3*std of annual delta (1.92)
MMR,Myanmar,2021,gap_emp_gender,-31.419,-28.003,3.416,3.89,Jump exceeds 3*std of annual delta (2.64)
MMR,Myanmar,2022,gdp_growth,-12.0164,4.0375,16.0539,3.89,Jump exceeds 3*std of annual delta (12.38)
IDN,Indonesia,2013,pop_total,252698525.0,255852467.0,3153942.0,3.88,Jump exceeds 3*std of annual delta (2436617.21)
KHM,Cambodia,2018,urban_pop_rate,35.0128,37.6404,2.6276,3.87,Jump exceeds 3*std of annual delta (2.04)
PHL,Philippines,2017,unemp_adv_edu,7.512,3.68,-3.832,3.86,Jump exceeds 3*std of annual delta (2.98)
PHL,Philippines,2020,emp_rate_total,58.115,53.365,-4.75,3.82,Jump exceeds 3*std of annual delta (3.73)
BRN,Brunei Darussalam,2019,unemp_total,8.7,6.6,-2.1,3.8,Jump exceeds 3*std of annual delta (1.66)
MMR,Myanmar,2020,gdp_growth,6.5791,-9.0483,-15.6275,3.79,Jump exceeds 3*std of annual delta (12.38)
PHL,Philippines,2020,gdp_growth,6.1185,-9.5183,-15.6368,3.79,Jump exceeds 3*std of annual delta (12.38)
BRN,Brunei Darussalam,2019,unemp_female,10.109,7.913,-2.196,3.74,Jump exceeds 3*std of annual delta (1.76)
KHM,Cambodia,2017,urban_pop_rate,32.4767,35.0128,2.536,3.73,Jump exceeds 3*std of annual delta (2.04)
SGP,Singapore,2021,ln_gdp_pc,11.6672,11.8055,0.1383,3.72,Jump exceeds 3*std of annual delta (0.11)
IDN,Indonesia,2014,pop_total,255852467.0,258877399.0,3024932.0,3.72,Jump exceeds 3*std of annual delta (2436617.21)
VNM,Viet Nam,2023,emp_services,35.855,39.5494,3.6944,3.7,Jump exceeds 3*std of annual delta (3.0)
PHL,Philippines,2021,gdp_growth,-9.5183,5.7147,15.233,3.69,Jump exceeds 3*std of annual delta (12.38)
BRN,Brunei Darussalam,2017,lag1_internet_users,71.2,90.0,18.8,3.69,Jump exceeds 3*std of annual delta (15.29)
IDN,Indonesia,2018,mobile_cellular,162.7825,118.3302,-44.4523,3.69,Jump exceeds 3*std of annual delta (36.16)
BRN,Brunei Darussalam,2020,unemp_youth,20.141,26.852,6.711,3.66,Jump exceeds 3*std of annual delta (5.5)
BRN,Brunei Darussalam,2016,internet_users,71.2,90.0,18.8,3.65,Jump exceeds 3*std of annual delta (15.47)
THA,Thailand,2023,fixed_broadband,17.5126,14.5089,-3.0036,3.63,Jump exceeds 3*std of annual delta (2.48)
MMR,Myanmar,2021,ln_gdp_pc,8.6872,8.5523,-0.135,3.63,Jump exceeds 3*std of annual delta (0.11)
BRN,Brunei Darussalam,2018,lag2_internet_users,71.2,90.0,18.8,3.62,Jump exceeds 3*std of annual delta (15.59)
MMR,Myanmar,2014,mobile_cellular,13.5934,57.2778,43.6845,3.62,Jump exceeds 3*std of annual delta (36.16)
IDN,Indonesia,2019,lag1_mobile_cellular,162.7825,118.3302,-44.4523,3.6,Jump exceeds 3*std of annual delta (37.0)
IDN,Indonesia,2020,lag2_mobile_cellular,162.7825,118.3302,-44.4523,3.6,Jump exceeds 3*std of annual delta (37.06)
IDN,Indonesia,2015,pop_total,258877399.0,261799249.0,2921850.0,3.6,Jump exceeds 3*std of annual delta (2436617.21)
KHM,Cambodia,2012,youth_neet,5.104,12.718,7.614,3.58,Jump exceeds 3*std of annual delta (6.39)
KHM,Cambodia,2016,emp_agriculture,42.4684,37.5403,-4.9282,3.57,Jump exceeds 3*std of annual delta (4.14)
BRN,Brunei Darussalam,2019,unemp_male,7.743,5.742,-2.001,3.57,Jump exceeds 3*std of annual delta (1.68)
LAO,Lao PDR,2019,hightech_exp,38.0167,20.6095,-17.4073,3.56,Jump exceeds 3*std of annual delta (14.66)
MMR,Myanmar,2021,emp_rate_female,43.753,38.978,-4.775,3.54,Jump exceeds 3*std of annual delta (4.05)
MMR,Myanmar,2015,lag1_mobile_cellular,13.5934,57.2778,43.6845,3.54,Jump exceeds 3*std of annual delta (37.0)
MMR,Myanmar,2016,lag2_mobile_cellular,13.5934,57.2778,43.6845,3.54,Jump exceeds 3*std of annual delta (37.06)
KHM,Cambodia,2016,urban_pop_rate,30.0669,32.4767,2.4098,3.54,Jump exceeds 3*std of annual delta (2.04)
THA,Thailand,2014,emp_services,39.4398,42.9533,3.5135,3.52,Jump exceeds 3*std of annual delta (3.0)
THA,Thailand,2024,lag1_fixed_broadband,17.5126,14.5089,-3.0036,3.52,Jump exceeds 3*std of annual delta (2.56)
IDN,Indonesia,2016,pop_total,261799249.0,264627418.0,2828169.0,3.48,Jump exceeds 3*std of annual delta (2436617.21)
BRN,Brunei Darussalam,2020,diff_unemp_total,-2.1,0.809,2.909,3.47,Jump exceeds 3*std of annual delta (2.52)
MMR,Myanmar,2020,gap_unemp_gender,0.116,1.12,1.004,3.4,Jump exceeds 3*std of annual delta (0.89)
SGP,Singapore,2018,secure_servers,58690.3335,84713.8584,26023.5249,3.4,Jump exceeds 3*std of annual delta (22963.15)
IDN,Indonesia,2011,emp_vulnerable,57.253,54.1009,-3.1521,3.39,Jump exceeds 3*std of annual delta (2.79)
SGP,Singapore,2019,lag1_secure_servers,58690.3335,84713.8584,26023.5249,3.38,Jump exceeds 3*std of annual delta (23106.93)
BRN,Brunei Darussalam,2018,emp_industry,16.1274,19.4044,3.2769,3.36,Jump exceeds 3*std of annual delta (2.93)
PHL,Philippines,2012,ict_goods_exp,18.03,25.89,7.86,3.35,Jump exceeds 3*std of annual delta (7.05)
IDN,Indonesia,2017,pop_total,264627418.0,267346658.0,2719240.0,3.35,Jump exceeds 3*std of annual delta (2436617.21)
SGP,Singapore,2020,lag2_secure_servers,58690.3335,84713.8584,26023.5249,3.34,Jump exceeds 3*std of annual delta (23370.99)
BRN,Brunei Darussalam,2022,diff_unemp_total,-2.504,0.286,2.79,3.33,Jump exceeds 3*std of annual delta (2.52)
SGP,Singapore,2021,gdp_growth,-3.6108,10.1411,13.7519,3.33,Jump exceeds 3*std of annual delta (12.38)
BRN,Brunei Darussalam,2017,hightech_exp,13.5767,29.8495,16.2728,3.33,Jump exceeds 3*std of annual delta (14.66)
VNM,Viet Nam,2012,inflation_cpi,18.6777,9.0947,-9.583,3.31,Jump exceeds 3*std of annual delta (8.69)
SGP,Singapore,2015,trade_openness,360.4673,329.4714,-30.9959,3.31,Jump exceeds 3*std of annual delta (28.12)
KHM,Cambodia,2015,urban_pop_rate,27.818,30.0669,2.249,3.31,Jump exceeds 3*std of annual delta (2.04)
SGP,Singapore,2012,ln_pop,15.461,15.4856,0.0245,3.29,Jump exceeds 3*std of annual delta (0.02)
SGP,Singapore,2020,unemp_total_nat,3.125,5.231,2.106,3.28,Jump exceeds 3*std of annual delta (1.92)
VNM,Viet Nam,2011,inflation_cpi,9.2075,18.6777,9.4703,3.27,Jump exceeds 3*std of annual delta (8.69)
BRN,Brunei Darussalam,2019,unemp_total_nat,8.7,6.6,-2.1,3.27,Jump exceeds 3*std of annual delta (1.92)
LAO,Lao PDR,2021,hightech_exp,23.1554,7.2864,-15.869,3.25,Jump exceeds 3*std of annual delta (14.66)
PHL,Philippines,2014,ict_goods_exp,23.58,31.22,7.64,3.25,Jump exceeds 3*std of annual delta (7.05)
PHL,Philippines,2015,ict_goods_exp,31.22,38.85,7.63,3.25,Jump exceeds 3*std of annual delta (7.05)
KHM,Cambodia,2017,diff_internet_users,25.9653,0.5018,-25.4634,3.24,Jump exceeds 3*std of annual delta (23.61)
PHL,Philippines,2022,emp_rate_male,66.847,70.985,4.138,3.23,Jump exceeds 3*std of annual delta (3.84)
VNM,Viet Nam,2022,emp_agriculture,29.0283,33.4624,4.434,3.21,Jump exceeds 3*std of annual delta (4.14)
MMR,Myanmar,2019,mobile_cellular,116.9721,155.6694,38.6973,3.21,Jump exceeds 3*std of annual delta (36.16)
IDN,Indonesia,2018,pop_total,267346658.0,269951846.0,2605188.0,3.21,Jump exceeds 3*std of annual delta (2436617.21)
IDN,Indonesia,2011,emp_self,59.9469,57.2219,-2.725,3.14,Jump exceeds 3*std of annual delta (2.6)
IDN,Indonesia,2011,emp_wage_salaried,40.0531,42.7781,2.725,3.14,Jump exceeds 3*std of annual delta (2.6)
MMR,Myanmar,2020,lag1_mobile_cellular,116.9721,155.6694,38.6973,3.14,Jump exceeds 3*std of annual delta (37.0)
VNM,Viet Nam,2023,lag2_fixed_broadband,17.0263,19.5362,2.5099,3.13,Jump exceeds 3*std of annual delta (2.41)
MMR,Myanmar,2021,lag2_mobile_cellular,116.9721,155.6694,38.6973,3.13,Jump exceeds 3*std of annual delta (37.06)
IDN,Indonesia,2019,pop_total,269951846.0,272489381.0,2537535.0,3.12,Jump exceeds 3*std of annual delta (2436617.21)
KHM,Cambodia,2022,electricity_access,82.5,92.3,9.8,3.11,Jump exceeds 3*std of annual delta (9.45)
LAO,Lao PDR,2014,hightech_exp,9.8136,24.9943,15.1807,3.11,Jump exceeds 3*std of annual delta (14.66)
KHM,Cambodia,2011,mobile_cellular,56.2094,93.4415,37.2321,3.09,Jump exceeds 3*std of annual delta (36.16)
MMR,Myanmar,2020,gap_emp_gender,-28.731,-31.419,-2.688,3.06,Jump exceeds 3*std of annual delta (2.64)
KHM,Cambodia,2013,labor_force_part_fe,78.356,74.402,-3.954,3.05,Jump exceeds 3*std of annual delta (3.88)
IDN,Indonesia,2012,emp_self,57.2219,54.5817,-2.6402,3.04,Jump exceeds 3*std of annual delta (2.6)
IDN,Indonesia,2012,emp_wage_salaried,42.7781,45.4183,2.6402,3.04,Jump exceeds 3*std of annual delta (2.6)
KHM,Cambodia,2023,lag1_electricity_access,82.5,92.3,9.8,3.04,Jump exceeds 3*std of annual delta (9.67)
BRN,Brunei Darussalam,2020,emp_industry,20.763,23.7151,2.9522,3.03,Jump exceeds 3*std of annual delta (2.93)
VNM,Viet Nam,2021,fixed_broadband,17.0263,19.5362,2.5099,3.03,Jump exceeds 3*std of annual delta (2.48)
IDN,Indonesia,2012,emp_vulnerable,54.1009,51.2865,-2.8143,3.02,Jump exceeds 3*std of annual delta (2.79)
KHM,Cambodia,2012,lag1_mobile_cellular,56.2094,93.4415,37.2321,3.02,Jump exceeds 3*std of annual delta (37.0)
KHM,Cambodia,2014,urban_pop_rate,25.7645,27.818,2.0535,3.02,Jump exceeds 3*std of annual delta (2.04)
PHL,Philippines,2020,labor_force_part_fe,46.566,42.675,-3.891,3.01,Jump exceeds 3*std of annual delta (3.88)
KHM,Cambodia,2013,lag2_mobile_cellular,56.2094,93.4415,37.2321,3.01,Jump exceeds 3*std of annual delta (37.06)
SGP,Singapore,2016,trade_openness,329.4714,301.3389,-28.1325,3.0,Jump exceeds 3*std of annual delta (28.12)
