iso3,country,year,variable,value,panel_mean,panel_std,z_score,outlier_type
KHM,Cambodia,2018,diff_internet_users,32.0997,3.7169,5.1567,5.5,High outlier (z > 3)
KHM,Cambodia,2016,diff_internet_users,25.9653,3.7169,5.1567,4.31,High outlier (z > 3)
KHM,Cambodia,2019,diff_internet_users,-12.6941,3.7169,5.1567,-3.18,Low outlier (z < -3)
MMR,Myanmar,2021,diff_unemp_total,2.864,-0.0223,0.5525,5.22,High outlier (z > 3)
BRN,Brunei Darussalam,2019,diff_unemp_total,-2.1,-0.0223,0.5525,-3.76,Low outlier (z < -3)
BRN,Brunei Darussalam,2021,diff_unemp_total,-2.504,-0.0223,0.5525,-4.49,Low outlier (z < -3)
KHM,Cambodia,2012,electricity_access,42.3,91.2247,15.1005,-3.24,Low outlier (z < -3)
KHM,Cambodia,2011,electricity_access,37.4,91.2247,15.1005,-3.56,Low outlier (z < -3)
KHM,Cambodia,2010,electricity_access,31.1,91.2247,15.1005,-3.98,Low outlier (z < -3)
SGP,Singapore,2021,fdi_net_inflows,32.2625,5.9176,6.6423,3.97,High outlier (z > 3)
SGP,Singapore,2017,fdi_net_inflows,29.5741,5.9176,6.6423,3.56,High outlier (z > 3)
SGP,Singapore,2019,fdi_net_inflows,28.1758,5.9176,6.6423,3.35,High outlier (z > 3)
SGP,Singapore,2022,fdi_net_inflows,28.0306,5.9176,6.6423,3.33,High outlier (z > 3)
BRN,Brunei Darussalam,2021,gap_unemp_gender,2.566,0.2667,0.6717,3.42,High outlier (z > 3)
BRN,Brunei Darussalam,2020,gap_unemp_gender,2.475,0.2667,0.6717,3.29,High outlier (z > 3)
BRN,Brunei Darussalam,2018,gap_unemp_gender,2.366,0.2667,0.6717,3.13,High outlier (z > 3)
MMR,Myanmar,2020,gdp_growth,-9.0483,4.386,3.7646,-3.57,Low outlier (z < -3)
PHL,Philippines,2020,gdp_growth,-9.5183,4.386,3.7646,-3.69,Low outlier (z < -3)
MMR,Myanmar,2021,gdp_growth,-12.0164,4.386,3.7646,-4.36,Low outlier (z < -3)
LAO,Lao PDR,2021,ict_serv_exp,33.0411,6.4171,5.2874,5.04,High outlier (z > 3)
LAO,Lao PDR,2023,inflation_cpi,31.2301,3.5277,4.1964,6.6,High outlier (z > 3)
LAO,Lao PDR,2024,inflation_cpi,23.1306,3.5277,4.1964,4.67,High outlier (z > 3)
LAO,Lao PDR,2022,inflation_cpi,22.9562,3.5277,4.1964,4.63,High outlier (z > 3)
VNM,Viet Nam,2011,inflation_cpi,18.6777,3.5277,4.1964,3.61,High outlier (z > 3)
KHM,Cambodia,2013,lag1_electricity_access,42.3,90.8064,15.4709,-3.14,Low outlier (z < -3)
KHM,Cambodia,2012,lag1_electricity_access,37.4,90.8064,15.4709,-3.45,Low outlier (z < -3)
KHM,Cambodia,2011,lag1_electricity_access,31.1,90.8064,15.4709,-3.86,Low outlier (z < -3)
MMR,Myanmar,2014,lag1_mobile_cellular,13.5934,120.1585,35.2534,-3.02,Low outlier (z < -3)
MMR,Myanmar,2013,lag1_mobile_cellular,7.4836,120.1585,35.2534,-3.2,Low outlier (z < -3)
MMR,Myanmar,2012,lag1_mobile_cellular,2.5164,120.1585,35.2534,-3.34,Low outlier (z < -3)
MMR,Myanmar,2011,lag1_mobile_cellular,1.2116,120.1585,35.2534,-3.37,Low outlier (z < -3)
SGP,Singapore,2024,lag1_secure_servers,228648.4428,8722.5711,34152.4808,6.44,High outlier (z > 3)
SGP,Singapore,2023,lag1_secure_servers,212649.3386,8722.5711,34152.4808,5.97,High outlier (z > 3)
SGP,Singapore,2022,lag1_secure_servers,176692.0947,8722.5711,34152.4808,4.92,High outlier (z > 3)
SGP,Singapore,2021,lag1_secure_servers,128377.7307,8722.5711,34152.4808,3.5,High outlier (z > 3)
SGP,Singapore,2020,lag1_secure_servers,122481.3796,8722.5711,34152.4808,3.33,High outlier (z > 3)
KHM,Cambodia,2014,lag2_electricity_access,42.3,90.3646,15.8612,-3.03,Low outlier (z < -3)
KHM,Cambodia,2013,lag2_electricity_access,37.4,90.3646,15.8612,-3.34,Low outlier (z < -3)
KHM,Cambodia,2012,lag2_electricity_access,31.1,90.3646,15.8612,-3.74,Low outlier (z < -3)
MMR,Myanmar,2014,lag2_mobile_cellular,7.4836,119.5295,35.6339,-3.14,Low outlier (z < -3)
MMR,Myanmar,2013,lag2_mobile_cellular,2.5164,119.5295,35.6339,-3.28,Low outlier (z < -3)
MMR,Myanmar,2012,lag2_mobile_cellular,1.2116,119.5295,35.6339,-3.32,Low outlier (z < -3)
SGP,Singapore,2024,lag2_secure_servers,212649.3386,7414.2338,29618.6644,6.93,High outlier (z > 3)
SGP,Singapore,2023,lag2_secure_servers,176692.0947,7414.2338,29618.6644,5.72,High outlier (z > 3)
SGP,Singapore,2022,lag2_secure_servers,128377.7307,7414.2338,29618.6644,4.08,High outlier (z > 3)
SGP,Singapore,2021,lag2_secure_servers,122481.3796,7414.2338,29618.6644,3.88,High outlier (z > 3)
MMR,Myanmar,2013,mobile_cellular,13.5934,120.854,34.6214,-3.1,Low outlier (z < -3)
MMR,Myanmar,2012,mobile_cellular,7.4836,120.854,34.6214,-3.27,Low outlier (z < -3)
MMR,Myanmar,2011,mobile_cellular,2.5164,120.854,34.6214,-3.42,Low outlier (z < -3)
MMR,Myanmar,2010,mobile_cellular,1.2116,120.854,34.6214,-3.46,Low outlier (z < -3)
SGP,Singapore,2023,secure_servers,228648.4428,9783.5116,36888.2222,5.93,High outlier (z > 3)
SGP,Singapore,2022,secure_servers,212649.3386,9783.5116,36888.2222,5.5,High outlier (z > 3)
SGP,Singapore,2024,secure_servers,209665.4552,9783.5116,36888.2222,5.42,High outlier (z > 3)
SGP,Singapore,2021,secure_servers,176692.0947,9783.5116,36888.2222,4.52,High outlier (z > 3)
SGP,Singapore,2020,secure_servers,128377.7307,9783.5116,36888.2222,3.21,High outlier (z > 3)
SGP,Singapore,2019,secure_servers,122481.3796,9783.5116,36888.2222,3.06,High outlier (z > 3)
SGP,Singapore,2012,tertiary_edu_enr,101.9968,36.1667,20.9264,3.15,High outlier (z > 3)
BRN,Brunei Darussalam,2018,unemp_female,10.109,2.885,2.2276,3.24,High outlier (z > 3)
BRN,Brunei Darussalam,2017,unemp_female,10.004,2.885,2.2276,3.2,High outlier (z > 3)
BRN,Brunei Darussalam,2017,unemp_male,8.836,2.6183,1.8181,3.42,High outlier (z > 3)
BRN,Brunei Darussalam,2017,unemp_total,9.316,2.7197,1.9672,3.35,High outlier (z > 3)
BRN,Brunei Darussalam,2018,unemp_total,8.7,2.7197,1.9672,3.04,High outlier (z > 3)
BRN,Brunei Darussalam,2017,unemp_total_nat,9.316,2.7244,1.8472,3.57,High outlier (z > 3)
BRN,Brunei Darussalam,2018,unemp_total_nat,8.7,2.7244,1.8472,3.23,High outlier (z > 3)
BRN,Brunei Darussalam,2018,unemp_youth,30.809,8.3945,6.674,3.36,High outlier (z > 3)
BRN,Brunei Darussalam,2017,unemp_youth,29.255,8.3945,6.674,3.13,High outlier (z > 3)
