iso3,country,variable,count,mean,std,min,max
BRN,Brunei Darussalam,internet_users,15,82.4522,17.6894,53.0,98.9704
BRN,Brunei Darussalam,fixed_broadband,15,11.6323,5.8084,4.8943,21.1771
BRN,Brunei Darussalam,mobile_cellular,15,118.9184,7.8679,108.4713,133.5971
BRN,Brunei Darussalam,secure_servers,15,6086.0946,7461.6783,40.7818,21094.9338
BRN,Brunei Darussalam,electricity_access,15,100.0,0.0,100.0,100.0
BRN,Brunei Darussalam,ict_goods_exp,15,0.1973,0.2044,0.03,0.8
BRN,Brunei Darussalam,ict_serv_exp,10,2.2041,3.158,0.003,10.0946
BRN,Brunei Darussalam,hightech_exp,15,10.868,10.1255,0.0424,29.8495
BRN,Brunei Darussalam,unemp_total,15,6.7981,1.3496,4.905,9.316
BRN,Brunei Darussalam,unemp_total_nat,10,6.0871,2.1917,1.721,9.316
BRN,Brunei Darussalam,emp_rate_total,15,60.9035,0.9775,59.117,62.24
BRN,Brunei Darussalam,labor_force_part,15,65.3513,0.9744,63.895,66.558
BRN,Brunei Darussalam,unemp_youth,15,22.9797,4.4446,16.238,30.809
BRN,Brunei Darussalam,youth_neet,9,19.286,1.6227,16.524,21.433
BRN,Brunei Darussalam,unemp_adv_edu,9,6.1339,1.4662,3.918,8.756
BRN,Brunei Darussalam,unemp_female,15,7.7607,1.5254,5.216,10.109
BRN,Brunei Darussalam,unemp_male,15,6.1507,1.3002,3.883,8.836
BRN,Brunei Darussalam,emp_rate_female,15,51.8443,0.9626,49.621,52.855
BRN,Brunei Darussalam,emp_rate_male,15,68.8379,1.4476,65.583,70.86
BRN,Brunei Darussalam,labor_force_part_fe,15,56.221,1.4179,53.7,57.72
BRN,Brunei Darussalam,emp_agriculture,15,1.4248,0.1935,1.0608,1.9536
BRN,Brunei Darussalam,emp_industry,15,19.3694,2.3228,16.1274,23.7151
BRN,Brunei Darussalam,emp_services,15,79.2059,2.334,74.9484,82.514
BRN,Brunei Darussalam,emp_vulnerable,15,5.368,0.6876,4.4776,6.9641
BRN,Brunei Darussalam,emp_wage_salaried,15,91.5002,0.7127,90.4004,92.6222
BRN,Brunei Darussalam,emp_self,15,8.4998,0.7128,7.3778,9.6001
BRN,Brunei Darussalam,labor_productivity,15,174397.7971,11840.7985,158246.4775,194086.9891
BRN,Brunei Darussalam,gdp_pc_ppp,15,81810.8502,4763.1235,76357.8291,90279.6634
BRN,Brunei Darussalam,gdp_growth,15,0.5494,2.3274,-2.5079,4.0525
BRN,Brunei Darussalam,trade_openness,15,110.17,20.9995,85.1769,147.1231
BRN,Brunei Darussalam,fdi_net_inflows,15,2.275,2.1868,-1.7395,4.7106
BRN,Brunei Darussalam,urban_pop_rate,15,74.9594,0.1995,74.7667,75.3121
BRN,Brunei Darussalam,tertiary_edu_enr,14,26.7967,5.5827,15.3332,36.4183
BRN,Brunei Darussalam,pop_total,15,430962.2,22506.3604,392332.0,462721.0
BRN,Brunei Darussalam,pop_working_age,15,72.2389,0.5376,71.2205,72.7871
BRN,Brunei Darussalam,inflation_cpi,15,0.448,1.2264,-1.2605,3.6823
BRN,Brunei Darussalam,ln_gdp_pc,15,11.3106,0.0572,11.2432,11.4107
BRN,Brunei Darussalam,ln_pop,15,12.9725,0.0526,12.8799,13.0449
BRN,Brunei Darussalam,lag1_internet_users,14,81.4632,17.9216,53.0,98.9704
BRN,Brunei Darussalam,lag2_internet_users,13,80.1165,17.9009,53.0,98.9704
BRN,Brunei Darussalam,lag1_fixed_broadband,14,10.9505,5.3688,4.8943,20.212
BRN,Brunei Darussalam,lag2_fixed_broadband,13,10.2381,4.8506,4.8943,19.805
BRN,Brunei Darussalam,lag1_mobile_cellular,14,118.9746,8.1618,108.4713,133.5971
BRN,Brunei Darussalam,lag2_mobile_cellular,13,118.9978,8.4946,108.4713,133.5971
BRN,Brunei Darussalam,lag1_secure_servers,14,5368.7793,7186.6293,40.7818,21094.9338
BRN,Brunei Darussalam,lag2_secure_servers,13,5106.8088,7410.1784,40.7818,21094.9338
BRN,Brunei Darussalam,lag1_electricity_access,14,100.0,0.0,100.0,100.0
BRN,Brunei Darussalam,lag2_electricity_access,13,100.0,0.0,100.0,100.0
BRN,Brunei Darussalam,diff_internet_users,14,3.0927,4.9992,-2.6721,18.8
BRN,Brunei Darussalam,diff_unemp_total,14,-0.0934,1.0286,-2.504,0.841
BRN,Brunei Darussalam,gap_unemp_gender,15,1.61,0.7608,0.039,2.566
BRN,Brunei Darussalam,gap_emp_gender,15,-16.9936,1.4755,-19.16,-13.873
IDN,Indonesia,internet_users,15,37.4366,22.7921,10.92,72.7808
IDN,Indonesia,fixed_broadband,15,2.7766,1.5603,0.9258,4.922
IDN,Indonesia,mobile_cellular,15,123.9634,17.5866,85.7839,162.7825
IDN,Indonesia,secure_servers,15,1118.469,1131.3201,1.6078,2939.4902
IDN,Indonesia,electricity_access,15,97.6333,1.7573,94.2,100.0
IDN,Indonesia,ict_goods_exp,15,3.2767,0.595,2.56,4.85
IDN,Indonesia,ict_serv_exp,15,6.6221,2.7062,3.9278,12.3138
IDN,Indonesia,hightech_exp,15,9.0916,1.3393,7.2013,12.3118
IDN,Indonesia,unemp_total,15,4.1565,0.6532,3.301,5.614
IDN,Indonesia,unemp_total_nat,14,4.2176,0.6318,3.308,5.614
IDN,Indonesia,emp_rate_total,15,64.2733,0.9112,62.845,65.789
IDN,Indonesia,labor_force_part,15,67.0588,0.6715,65.868,68.238
IDN,Indonesia,unemp_youth,15,15.3432,1.678,13.015,18.393
IDN,Indonesia,youth_neet,14,22.7018,1.665,20.547,26.649
IDN,Indonesia,unemp_adv_edu,14,5.347,1.7098,3.571,9.878
IDN,Indonesia,unemp_female,15,4.0298,0.9616,3.077,6.391
IDN,Indonesia,unemp_male,15,4.2407,0.5034,3.448,5.128
IDN,Indonesia,emp_rate_female,15,49.9403,1.5026,47.715,52.141
IDN,Indonesia,emp_rate_male,15,78.6971,0.8996,76.337,79.904
IDN,Indonesia,labor_force_part_fe,15,52.0306,1.1958,50.64,53.949
IDN,Indonesia,emp_agriculture,15,31.7921,3.4241,27.9601,38.7303
IDN,Indonesia,emp_industry,15,21.4307,1.1405,18.2977,22.4012
IDN,Indonesia,emp_services,15,46.7772,2.4866,42.9721,49.7538
IDN,Indonesia,emp_vulnerable,15,50.5833,2.3522,48.2114,57.253
IDN,Indonesia,emp_wage_salaried,15,46.1873,2.2225,40.0531,48.5006
IDN,Indonesia,emp_self,15,53.8127,2.2225,51.4994,59.9469
IDN,Indonesia,labor_productivity,15,24508.4429,3015.3434,19533.7826,29217.2839
IDN,Indonesia,gdp_pc_ppp,15,11620.2984,1706.5859,8848.2247,14470.718
IDN,Indonesia,gdp_growth,15,4.7458,1.9825,-2.0655,6.2239
IDN,Indonesia,trade_openness,15,43.034,5.0526,32.9722,50.18
IDN,Indonesia,fdi_net_inflows,15,1.9761,0.5326,0.4874,2.82
IDN,Indonesia,urban_pop_rate,15,54.3743,2.839,49.8521,58.751
IDN,Indonesia,tertiary_edu_enr,14,34.293,6.3273,23.4159,44.8813
IDN,Indonesia,pop_total,15,266299982.8667,11844535.4613,246305322.0,283487931.0
IDN,Indonesia,pop_working_age,15,67.1854,0.6121,66.1963,68.1136
IDN,Indonesia,inflation_cpi,15,4.0696,1.6003,1.5601,6.4125
IDN,Indonesia,ln_gdp_pc,15,9.3502,0.1496,9.088,9.5799
IDN,Indonesia,ln_pop,15,19.3992,0.0447,19.3221,19.4627
IDN,Indonesia,lag1_internet_users,14,34.912,21.3655,10.92,69.2084
IDN,Indonesia,lag2_internet_users,13,32.2738,19.7222,10.92,66.4846
IDN,Indonesia,lag1_fixed_broadband,14,2.6233,1.4975,0.9258,4.8215
IDN,Indonesia,lag2_fixed_broadband,13,2.4546,1.4134,0.9258,4.8215
IDN,Indonesia,lag1_mobile_cellular,14,124.0668,18.2458,85.7839,162.7825
IDN,Indonesia,lag2_mobile_cellular,13,123.9767,18.9875,85.7839,162.7825
IDN,Indonesia,lag1_secure_servers,14,988.3961,1051.2048,1.6078,2722.3899
IDN,Indonesia,lag2_secure_servers,13,855.0119,962.955,1.6078,2496.4088
IDN,Indonesia,lag1_electricity_access,14,97.4714,1.7036,94.2,100.0
IDN,Indonesia,lag2_electricity_access,13,97.3231,1.6764,94.2,100.0
IDN,Indonesia,diff_internet_users,14,4.4186,2.5655,0.42,8.378
IDN,Indonesia,diff_unemp_total,14,-0.1652,0.4567,-0.797,0.665
IDN,Indonesia,gap_unemp_gender,15,-0.2109,0.6068,-1.115,1.263
IDN,Indonesia,gap_emp_gender,15,-28.7569,1.695,-30.877,-25.91
KHM,Cambodia,internet_users,15,35.8912,27.6177,1.26,68.9255
KHM,Cambodia,fixed_broadband,15,1.2994,1.3035,0.1494,4.1457
KHM,Cambodia,mobile_cellular,15,117.4272,19.8606,56.2094,133.581
KHM,Cambodia,secure_servers,15,127.8631,207.8681,0.6896,817.2891
KHM,Cambodia,electricity_access,15,70.5667,22.4032,31.1,99.2
KHM,Cambodia,ict_goods_exp,15,1.2107,0.8803,0.05,3.36
KHM,Cambodia,ict_serv_exp,15,3.6908,3.0908,1.1993,12.9884
KHM,Cambodia,hightech_exp,15,2.6706,3.3867,0.1148,12.9853
KHM,Cambodia,unemp_total,15,0.3869,0.2239,0.119,0.771
KHM,Cambodia,unemp_total_nat,12,0.5275,0.3137,0.141,1.279
KHM,Cambodia,emp_rate_total,15,81.6539,1.646,79.195,84.946
KHM,Cambodia,labor_force_part,15,81.9717,1.6781,79.51,85.439
KHM,Cambodia,unemp_youth,15,0.6981,0.2359,0.378,1.137
KHM,Cambodia,youth_neet,12,7.0691,2.3905,5.104,12.718
KHM,Cambodia,unemp_adv_edu,4,1.2695,0.5852,0.914,2.144
KHM,Cambodia,unemp_female,15,0.4032,0.2366,0.151,0.85
KHM,Cambodia,unemp_male,15,0.3718,0.2251,0.088,0.747
KHM,Cambodia,emp_rate_female,15,76.5327,2.4089,73.082,81.451
KHM,Cambodia,emp_rate_male,15,87.2337,0.8931,85.475,88.791
KHM,Cambodia,labor_force_part_fe,15,76.8429,2.423,73.417,81.841
KHM,Cambodia,emp_agriculture,15,42.455,7.5956,34.165,56.5477
KHM,Cambodia,emp_industry,15,23.568,4.1037,15.9733,28.4335
KHM,Cambodia,emp_services,15,33.977,3.6879,26.9805,37.955
KHM,Cambodia,emp_vulnerable,15,54.6026,1.4315,52.5935,57.0034
KHM,Cambodia,emp_wage_salaried,15,42.3636,1.295,40.1278,44.2114
KHM,Cambodia,emp_self,15,57.6364,1.295,55.7886,59.8722
KHM,Cambodia,labor_productivity,15,9746.6687,1832.9114,6614.0559,12154.85
KHM,Cambodia,gdp_pc_ppp,15,5454.545,1081.1014,3711.5375,7011.5815
KHM,Cambodia,gdp_growth,15,6.0973,3.1043,-3.5557,8.7762
KHM,Cambodia,trade_openness,15,125.1886,11.9505,109.7905,146.1798
KHM,Cambodia,fdi_net_inflows,15,9.5647,0.8663,7.5403,11.1525
KHM,Cambodia,urban_pop_rate,15,33.1752,7.3882,21.1232,40.8727
KHM,Cambodia,tertiary_edu_enr,11,14.2633,2.8395,11.4903,21.4437
KHM,Cambodia,pop_total,15,16066987.4,1003081.727,14500726.0,17638801.0
KHM,Cambodia,pop_working_age,15,63.505,0.2823,62.8473,64.0432
KHM,Cambodia,inflation_cpi,15,2.9936,1.2961,0.808,5.4784
KHM,Cambodia,ln_gdp_pc,15,8.5847,0.2079,8.2192,8.8553
KHM,Cambodia,ln_pop,15,16.5905,0.0626,16.4897,16.6856
KHM,Cambodia,lag1_internet_users,14,33.5638,27.0906,1.26,68.9255
KHM,Cambodia,lag2_internet_users,13,30.8436,26.1312,1.26,65.4908
KHM,Cambodia,lag1_fixed_broadband,14,1.0961,1.0781,0.1494,3.6418
KHM,Cambodia,lag2_fixed_broadband,13,0.9002,0.8231,0.1494,2.9638
KHM,Cambodia,lag1_mobile_cellular,14,117.5226,20.6068,56.2094,133.581
KHM,Cambodia,lag2_mobile_cellular,13,117.2698,21.4256,56.2094,133.581
KHM,Cambodia,lag1_secure_servers,14,78.6184,85.7857,0.6896,223.1994
KHM,Cambodia,lag2_secure_servers,13,67.4968,78.08,0.6896,188.455
KHM,Cambodia,lag1_electricity_access,14,68.5214,21.7472,31.1,95.0
KHM,Cambodia,lag2_electricity_access,13,66.4846,21.1998,31.1,92.3
KHM,Cambodia,diff_internet_users,14,4.8011,11.5778,-12.6941,32.0997
KHM,Cambodia,diff_unemp_total,14,-0.0369,0.2309,-0.575,0.323
KHM,Cambodia,gap_unemp_gender,15,0.0314,0.1108,-0.202,0.26
KHM,Cambodia,gap_emp_gender,15,-10.701,1.6612,-12.984,-7.298
LAO,Lao PDR,internet_users,15,34.1948,23.0352,7.0,65.5927
LAO,Lao PDR,fixed_broadband,14,0.8665,0.9362,0.0929,2.7202
LAO,Lao PDR,mobile_cellular,14,63.5346,8.4416,51.3792,85.284
LAO,Lao PDR,secure_servers,15,71.5427,112.0157,0.4736,301.6801
LAO,Lao PDR,electricity_access,15,88.9533,10.6748,70.0,100.0
LAO,Lao PDR,ict_goods_exp,14,4.305,3.6669,0.0,9.97
LAO,Lao PDR,ict_serv_exp,15,6.8608,7.5315,2.6414,33.0411
LAO,Lao PDR,hightech_exp,14,19.3413,12.6413,6.3258,38.0167
LAO,Lao PDR,unemp_total,15,1.8275,0.7783,0.708,3.268
LAO,Lao PDR,unemp_total_nat,4,1.7977,1.1164,0.708,3.268
LAO,Lao PDR,emp_rate_total,15,60.9023,2.581,57.829,65.215
LAO,Lao PDR,labor_force_part,15,62.0303,2.43,59.782,66.001
LAO,Lao PDR,unemp_youth,15,3.3756,1.2977,1.578,5.779
LAO,Lao PDR,youth_neet,4,15.0533,10.6164,5.123,25.8
LAO,Lao PDR,unemp_adv_edu,4,3.7908,1.5642,2.12,5.18
LAO,Lao PDR,unemp_female,15,1.5575,0.6579,0.658,2.744
LAO,Lao PDR,unemp_male,15,2.0642,0.9099,0.752,3.73
LAO,Lao PDR,emp_rate_female,15,57.0847,2.3015,54.483,60.935
LAO,Lao PDR,emp_rate_male,15,64.7193,2.8705,61.172,69.59
LAO,Lao PDR,labor_force_part_fe,15,57.9811,2.1147,56.02,61.466
LAO,Lao PDR,emp_agriculture,15,72.3606,3.4364,68.9121,78.9313
LAO,Lao PDR,emp_industry,15,6.5253,0.6342,5.4023,7.3999
LAO,Lao PDR,emp_services,15,21.1141,2.8292,15.6664,23.688
LAO,Lao PDR,emp_vulnerable,15,79.1751,1.871,76.6381,82.3803
LAO,Lao PDR,emp_wage_salaried,15,20.0703,1.8685,16.883,22.6043
LAO,Lao PDR,emp_self,15,79.9297,1.8685,77.3957,83.117
LAO,Lao PDR,labor_productivity,15,17247.3391,2214.6811,12885.0789,19562.925
LAO,Lao PDR,gdp_pc_ppp,15,7094.6001,1211.4442,4946.1056,8600.3245
LAO,Lao PDR,gdp_growth,15,5.7824,2.4805,0.503,8.5269
LAO,Lao PDR,trade_openness,7,90.3905,8.996,75.0919,99.0597
LAO,Lao PDR,fdi_net_inflows,15,6.206,2.1395,3.437,11.2426
LAO,Lao PDR,urban_pop_rate,15,34.7638,2.8654,30.6469,39.5552
LAO,Lao PDR,tertiary_edu_enr,14,15.8118,2.2085,12.4397,18.9224
LAO,Lao PDR,pop_total,15,7032142.6667,464509.2074,6334194.0,7769819.0
LAO,Lao PDR,pop_working_age,15,63.0223,1.6277,59.9268,65.1358
LAO,Lao PDR,inflation_cpi,15,8.2364,9.4446,0.8255,31.2301
LAO,Lao PDR,ln_gdp_pc,15,8.8524,0.1812,8.5064,9.0596
LAO,Lao PDR,ln_pop,15,15.764,0.0661,15.6615,15.8658
LAO,Lao PDR,lag1_internet_users,14,31.9521,22.1402,7.0,64.54
LAO,Lao PDR,lag2_internet_users,13,29.4563,20.8941,7.0,64.54
LAO,Lao PDR,lag1_fixed_broadband,14,0.8665,0.9362,0.0929,2.7202
LAO,Lao PDR,lag2_fixed_broadband,13,0.7239,0.8008,0.0929,2.3819
LAO,Lao PDR,lag1_mobile_cellular,14,63.5346,8.4416,51.3792,85.284
LAO,Lao PDR,lag2_mobile_cellular,13,63.4404,8.7786,51.3792,85.284
LAO,Lao PDR,lag1_secure_servers,14,55.1043,95.6432,0.4736,274.1033
LAO,Lao PDR,lag2_secure_servers,13,38.2582,74.8716,0.4736,273.9778
LAO,Lao PDR,lag1_electricity_access,14,88.4143,10.8638,70.0,100.0
LAO,Lao PDR,lag2_electricity_access,13,87.7923,11.0449,70.0,100.0
LAO,Lao PDR,diff_internet_users,14,4.1852,3.5332,-0.142,10.761
LAO,Lao PDR,diff_unemp_total,14,0.0333,0.4164,-0.871,0.634
LAO,Lao PDR,gap_unemp_gender,15,-0.5067,0.3853,-1.019,-0.085
LAO,Lao PDR,gap_emp_gender,15,-7.6346,0.6002,-8.765,-6.689
MMR,Myanmar,internet_users,11,15.7926,15.856,0.25,45.4477
MMR,Myanmar,fixed_broadband,12,1.0376,1.0882,0.0443,2.8697
MMR,Myanmar,mobile_cellular,15,82.9254,53.6814,1.2116,155.6694
MMR,Myanmar,secure_servers,15,9.4107,8.5473,0.0202,23.5963
MMR,Myanmar,electricity_access,15,64.0533,9.9441,48.8,80.4
MMR,Myanmar,ict_goods_exp,15,0.41,0.463,0.01,1.64
MMR,Myanmar,ict_serv_exp,8,4.6124,2.6695,1.4123,9.3585
MMR,Myanmar,hightech_exp,15,2.8277,2.4083,0.0027,7.5338
MMR,Myanmar,unemp_total,15,1.5251,1.1911,0.407,4.34
MMR,Myanmar,unemp_total_nat,6,1.44,1.2552,0.407,3.868
MMR,Myanmar,emp_rate_total,15,60.4049,4.7271,52.796,64.896
MMR,Myanmar,labor_force_part,15,61.2983,4.1623,55.129,65.37
MMR,Myanmar,unemp_youth,15,4.4383,4.1063,1.313,12.818
MMR,Myanmar,youth_neet,6,17.5418,5.7329,12.786,28.457
MMR,Myanmar,unemp_adv_edu,5,3.0498,3.406,0.754,8.962
MMR,Myanmar,unemp_female,15,1.8735,1.4166,0.478,5.03
MMR,Myanmar,unemp_male,15,1.3089,1.0639,0.362,3.923
MMR,Myanmar,emp_rate_female,15,46.3614,4.8291,38.978,51.231
MMR,Myanmar,emp_rate_male,15,74.7964,4.6345,66.981,78.859
MMR,Myanmar,labor_force_part_fe,15,47.1938,4.3391,40.959,51.675
MMR,Myanmar,emp_agriculture,15,49.5684,2.8596,45.2454,52.2791
MMR,Myanmar,emp_industry,15,17.6277,1.0752,15.7039,19.1536
MMR,Myanmar,emp_services,15,32.8039,2.471,28.8976,36.5136
MMR,Myanmar,emp_vulnerable,15,63.4097,0.9138,61.8663,65.2948
MMR,Myanmar,emp_wage_salaried,15,33.7456,0.9171,31.852,34.7825
MMR,Myanmar,emp_self,15,66.2544,0.9171,65.2175,68.148
MMR,Myanmar,labor_productivity,15,11817.9851,1977.6415,8361.8279,14595.4994
MMR,Myanmar,gdp_pc_ppp,15,5241.3371,758.7389,3893.7903,6562.989
MMR,Myanmar,gdp_growth,15,3.5969,6.3778,-12.0164,9.6344
MMR,Myanmar,trade_openness,0,,,,
MMR,Myanmar,fdi_net_inflows,15,3.3867,1.7834,1.4788,7.2734
MMR,Myanmar,urban_pop_rate,15,29.8655,0.4144,29.1415,30.4499
MMR,Myanmar,tertiary_edu_enr,3,16.1449,3.6728,13.7377,20.3723
MMR,Myanmar,pop_total,15,51827526.0,1751031.0748,49024382.0,54500091.0
MMR,Myanmar,pop_working_age,15,67.8759,0.6186,66.5105,68.3951
MMR,Myanmar,inflation_cpi,10,6.1457,2.3342,1.4676,9.4542
MMR,Myanmar,ln_gdp_pc,15,8.5541,0.1496,8.2671,8.7892
MMR,Myanmar,ln_pop,15,17.7629,0.0338,17.7078,17.8137
MMR,Myanmar,lag1_internet_users,11,15.7926,15.856,0.25,45.4477
MMR,Myanmar,lag2_internet_users,11,15.7926,15.856,0.25,45.4477
MMR,Myanmar,lag1_fixed_broadband,11,0.8711,0.9677,0.0443,2.7983
MMR,Myanmar,lag2_fixed_broadband,10,0.6784,0.7659,0.0443,2.0969
MMR,Myanmar,lag1_mobile_cellular,14,80.6823,54.9735,1.2116,155.6694
MMR,Myanmar,lag2_mobile_cellular,13,77.5788,55.9272,1.2116,155.6694
MMR,Myanmar,lag1_secure_servers,14,8.3974,7.8798,0.0202,21.1086
MMR,Myanmar,lag2_secure_servers,13,7.4917,7.4043,0.0202,21.1086
MMR,Myanmar,lag1_electricity_access,14,62.8857,9.1907,48.8,76.8
MMR,Myanmar,lag2_electricity_access,13,61.8154,8.6101,48.8,73.7
MMR,Myanmar,diff_internet_users,10,4.5198,3.1281,0.4,8.9072
MMR,Myanmar,diff_unemp_total,14,0.1544,0.9327,-1.277,2.864
MMR,Myanmar,gap_unemp_gender,15,0.5647,0.4025,0.116,1.12
MMR,Myanmar,gap_emp_gender,15,-28.435,0.9181,-31.419,-27.628
MYS,Malaysia,internet_users,15,78.5748,15.3524,56.3,98.0206
MYS,Malaysia,fixed_broadband,15,9.917,1.8123,7.3207,13.5464
MYS,Malaysia,mobile_cellular,15,135.3612,7.5879,118.1566,146.3656
MYS,Malaysia,secure_servers,15,3824.0919,3609.5854,44.2145,8416.7416
MYS,Malaysia,electricity_access,15,99.86,0.192,99.5,100.0
MYS,Malaysia,ict_goods_exp,15,30.238,2.8298,26.7,35.21
MYS,Malaysia,ict_serv_exp,15,8.6033,2.9794,6.1409,15.8605
MYS,Malaysia,hightech_exp,15,51.8361,4.0643,47.4089,59.4155
MYS,Malaysia,unemp_total,15,3.5216,0.5351,2.88,4.64
MYS,Malaysia,unemp_total_nat,13,3.446,0.5483,2.883,4.6
MYS,Malaysia,emp_rate_total,15,62.5103,1.3127,59.557,63.678
MYS,Malaysia,labor_force_part,15,64.7959,1.499,61.602,66.223
MYS,Malaysia,unemp_youth,15,11.1245,0.887,9.77,12.365
MYS,Malaysia,youth_neet,11,12.2918,1.6091,9.25,14.37
MYS,Malaysia,unemp_adv_edu,11,3.7919,0.5239,2.975,4.62
MYS,Malaysia,unemp_female,15,3.7749,0.4946,3.163,4.785
MYS,Malaysia,unemp_male,15,3.3745,0.5674,2.676,4.555
MYS,Malaysia,emp_rate_female,15,48.1331,2.1935,43.222,49.982
MYS,Malaysia,emp_rate_male,15,75.5225,0.5972,74.576,76.33
MYS,Malaysia,labor_force_part_fe,15,50.0272,2.3969,44.792,51.783
MYS,Malaysia,emp_agriculture,15,11.3088,1.3074,9.4369,13.3025
MYS,Malaysia,emp_industry,15,27.1499,0.8659,25.9297,28.4457
MYS,Malaysia,emp_services,15,61.5413,2.0209,59.0848,64.5608
MYS,Malaysia,emp_vulnerable,15,22.8454,0.5796,22.0153,23.7573
MYS,Malaysia,emp_wage_salaried,15,73.643,0.5932,72.7445,74.5073
MYS,Malaysia,emp_self,15,26.357,0.5932,25.4927,27.2555
MYS,Malaysia,labor_productivity,15,61042.6025,4420.5586,54310.3179,68621.5768
MYS,Malaysia,gdp_pc_ppp,15,28703.2248,3247.076,23307.9699,34116.2318
MYS,Malaysia,gdp_growth,15,4.6024,3.1266,-5.4568,9.0317
MYS,Malaysia,trade_openness,15,136.9212,11.4182,116.7882,157.9448
MYS,Malaysia,fdi_net_inflows,15,3.3523,1.1451,1.2028,5.4163
MYS,Malaysia,urban_pop_rate,15,74.0368,1.8338,70.8625,76.917
MYS,Malaysia,tertiary_edu_enr,15,39.4888,3.0442,35.5662,45.4035
MYS,Malaysia,pop_total,15,32242143.9333,2251900.8266,28655776.0,35557673.0
MYS,Malaysia,pop_working_age,15,68.8088,0.9974,67.1105,70.4758
MYS,Malaysia,inflation_cpi,15,2.0242,1.2462,-1.1387,3.8712
MYS,Malaysia,ln_gdp_pc,15,10.2587,0.1148,10.0566,10.4375
MYS,Malaysia,ln_pop,15,17.2865,0.0703,17.1709,17.3867
MYS,Malaysia,lag1_internet_users,14,77.1858,14.9218,56.3,97.6927
MYS,Malaysia,lag2_internet_users,13,75.6084,14.2645,56.3,97.3986
MYS,Malaysia,lag1_fixed_broadband,14,9.6577,1.5657,7.3207,13.0287
MYS,Malaysia,lag2_fixed_broadband,13,9.3984,1.279,7.3207,12.1754
MYS,Malaysia,lag1_mobile_cellular,14,135.0538,7.7768,118.1566,146.3656
MYS,Malaysia,lag2_mobile_cellular,13,134.4632,7.7607,118.1566,146.3656
MYS,Malaysia,lag1_secure_servers,14,3563.2798,3596.1804,44.2145,8416.7416
MYS,Malaysia,lag2_secure_servers,13,3215.6459,3489.6049,44.2145,8416.7416
MYS,Malaysia,lag1_electricity_access,14,99.85,0.1951,99.5,100.0
MYS,Malaysia,lag2_electricity_access,13,99.8385,0.1981,99.5,100.0
MYS,Malaysia,diff_internet_users,14,2.98,4.3711,-8.7425,7.7242
MYS,Malaysia,diff_unemp_total,14,0.0376,0.4199,-0.71,1.21
MYS,Malaysia,gap_unemp_gender,15,0.4004,0.184,0.191,0.794
MYS,Malaysia,gap_emp_gender,15,-27.3895,1.9246,-31.417,-25.612
PHL,Philippines,internet_users,15,46.536,17.4038,25.0,77.867
PHL,Philippines,fixed_broadband,14,4.5744,2.3776,1.8229,8.509
PHL,Philippines,mobile_cellular,15,117.2814,19.2791,86.3116,151.0066
PHL,Philippines,secure_servers,15,78.469,79.4354,4.9202,305.4977
PHL,Philippines,electricity_access,15,92.1467,4.1447,85.5,98.0
PHL,Philippines,ict_goods_exp,15,37.074,10.7562,18.03,49.77
PHL,Philippines,ict_serv_exp,15,15.3376,1.977,11.9076,18.7655
PHL,Philippines,hightech_exp,8,63.3431,2.55,60.3176,67.0451
PHL,Philippines,unemp_total,15,2.9072,0.5727,2.2,3.605
PHL,Philippines,unemp_total_nat,14,2.9725,0.5395,2.237,3.605
PHL,Philippines,emp_rate_total,15,58.5796,2.0686,53.365,60.069
PHL,Philippines,labor_force_part,15,60.3369,2.2012,54.746,62.23
PHL,Philippines,unemp_youth,15,8.0091,1.1909,6.605,9.736
PHL,Philippines,youth_neet,14,21.2909,4.3663,12.362,25.941
PHL,Philippines,unemp_adv_edu,10,7.0136,2.8656,3.352,10.325
PHL,Philippines,unemp_female,15,3.148,0.5675,2.48,3.826
PHL,Philippines,unemp_male,15,2.7467,0.585,2.002,3.518
PHL,Philippines,emp_rate_female,15,46.1777,2.3088,41.515,49.258
PHL,Philippines,emp_rate_male,15,71.2731,2.2506,65.464,73.32
PHL,Philippines,labor_force_part_fe,15,47.6793,2.3756,42.675,50.511
PHL,Philippines,emp_agriculture,15,26.2484,3.5668,21.1859,31.5321
PHL,Philippines,emp_industry,15,17.9153,1.3237,16.0361,19.5373
PHL,Philippines,emp_services,15,55.8362,2.3312,52.0851,59.3162
PHL,Philippines,emp_vulnerable,15,34.8599,2.0053,31.9891,38.9526
PHL,Philippines,emp_wage_salaried,15,61.6936,2.3981,56.6859,64.4844
PHL,Philippines,emp_self,15,38.3064,2.3981,35.5156,43.3141
PHL,Philippines,labor_productivity,15,20702.3909,2763.5673,16441.2655,23959.6392
PHL,Philippines,gdp_pc_ppp,15,8242.5931,1301.5845,6273.0393,10378.1718
PHL,Philippines,gdp_growth,15,5.2725,4.1924,-9.5183,7.581
PHL,Philippines,trade_openness,15,63.6996,5.4593,55.8248,72.4297
PHL,Philippines,fdi_net_inflows,15,1.9951,0.7696,0.5137,3.1224
PHL,Philippines,urban_pop_rate,15,51.734,3.1912,45.5208,55.4521
PHL,Philippines,tertiary_edu_enr,15,34.2385,5.7858,27.7549,47.4135
PHL,Philippines,pop_total,15,107394967.4667,6244760.0182,96337125.0,115843670.0
PHL,Philippines,pop_working_age,15,63.6056,1.7632,61.0522,66.64
PHL,Philippines,inflation_cpi,15,3.4354,1.548,0.6742,5.978
PHL,Philippines,ln_gdp_pc,15,9.0051,0.1614,8.744,9.2475
PHL,Philippines,ln_pop,15,18.4904,0.0588,18.3834,18.5678
PHL,Philippines,lag1_internet_users,14,45.0555,17.0525,25.0,77.867
PHL,Philippines,lag2_internet_users,13,42.5316,14.7784,25.0,75.2111
PHL,Philippines,lag1_fixed_broadband,13,4.3771,2.3524,1.8229,8.509
PHL,Philippines,lag2_fixed_broadband,12,4.197,2.3614,1.8229,8.509
PHL,Philippines,lag1_mobile_cellular,14,117.423,19.9988,86.3116,151.0066
PHL,Philippines,lag2_mobile_cellular,13,117.4343,20.8154,86.3116,151.0066
PHL,Philippines,lag1_secure_servers,14,74.677,81.0129,4.9202,305.4977
PHL,Philippines,lag2_secure_servers,13,56.9216,48.256,4.9202,133.6505
PHL,Philippines,lag1_electricity_access,14,91.9571,4.2332,85.5,98.0
PHL,Philippines,lag2_electricity_access,13,91.4923,4.0169,85.5,97.5
PHL,Philippines,diff_internet_users,14,3.0188,5.5404,-10.604,13.1429
PHL,Philippines,diff_unemp_total,14,-0.1002,0.3945,-0.8,0.876
PHL,Philippines,gap_unemp_gender,15,0.4013,0.1409,0.206,0.702
PHL,Philippines,gap_emp_gender,15,-25.0954,1.8803,-27.889,-21.83
SGP,Singapore,internet_users,15,84.834,9.1045,71.0,96.9247
SGP,Singapore,fixed_broadband,15,27.1552,0.618,26.3326,28.5393
SGP,Singapore,mobile_cellular,15,156.0217,9.2136,145.4516,173.1999
SGP,Singapore,secure_servers,15,83534.4353,88844.5403,531.6412,228648.4428
SGP,Singapore,electricity_access,15,100.0,0.0,100.0,100.0
SGP,Singapore,ict_goods_exp,15,31.0393,2.3823,27.46,34.65
SGP,Singapore,ict_serv_exp,15,6.5752,1.6087,3.5297,8.8254
SGP,Singapore,hightech_exp,15,52.8698,3.1698,47.7372,59.4298
SGP,Singapore,unemp_total,15,3.775,0.4609,2.737,4.64
SGP,Singapore,unemp_total_nat,15,3.9053,0.521,3.125,5.231
SGP,Singapore,emp_rate_total,15,66.2043,0.9214,64.595,67.406
SGP,Singapore,labor_force_part,15,68.8017,0.9148,67.37,70.686
SGP,Singapore,unemp_youth,15,8.6625,0.9524,6.329,10.558
SGP,Singapore,youth_neet,12,4.9799,1.4296,3.6,7.543
SGP,Singapore,unemp_adv_edu,12,3.5075,0.7229,2.634,4.846
SGP,Singapore,unemp_female,15,4.0775,0.555,2.696,5.01
SGP,Singapore,unemp_male,15,3.5543,0.4093,2.769,4.349
SGP,Singapore,emp_rate_female,15,58.4198,2.1844,54.604,61.434
SGP,Singapore,emp_rate_male,15,73.382,0.5046,72.285,74.185
SGP,Singapore,labor_force_part_fe,15,60.8998,2.1537,57.128,64.409
SGP,Singapore,emp_agriculture,15,0.1146,0.0157,0.0796,0.1356
SGP,Singapore,emp_industry,15,16.8195,2.633,13.8433,21.7236
SGP,Singapore,emp_services,15,83.0659,2.6465,78.1408,86.0771
SGP,Singapore,emp_vulnerable,15,9.1108,0.4263,8.2732,9.714
SGP,Singapore,emp_wage_salaried,15,86.0392,0.8297,84.6761,87.7821
SGP,Singapore,emp_self,15,13.9608,0.8297,12.2179,15.3239
SGP,Singapore,labor_productivity,15,200573.8677,18386.7336,173585.4609,227908.3801
SGP,Singapore,gdp_pc_ppp,15,116236.5099,12911.6675,96280.0169,134828.0014
SGP,Singapore,gdp_growth,15,4.4545,4.0282,-3.6108,14.5197
SGP,Singapore,trade_openness,15,337.7717,24.4006,301.3389,379.0986
SGP,Singapore,fdi_net_inflows,15,23.7814,4.101,17.596,32.2625
SGP,Singapore,urban_pop_rate,15,100.0,0.0,100.0,100.0
SGP,Singapore,tertiary_edu_enr,11,93.2275,5.6548,83.941,101.9968
SGP,Singapore,pop_total,15,5551295.2667,252150.2697,5076732.0,6036860.0
SGP,Singapore,pop_working_age,15,77.2164,1.4936,74.6576,78.8187
SGP,Singapore,inflation_cpi,15,2.1392,2.2044,-0.5298,6.131
SGP,Singapore,ln_gdp_pc,15,11.6576,0.1112,11.475,11.8118
SGP,Singapore,ln_pop,15,15.5286,0.0455,15.4402,15.6134
SGP,Singapore,lag1_internet_users,14,84.1523,9.0422,71.0,96.9247
SGP,Singapore,lag2_internet_users,13,83.3728,8.9085,71.0,96.9247
SGP,Singapore,lag1_fixed_broadband,14,27.1082,0.6129,26.3326,28.5393
SGP,Singapore,lag2_fixed_broadband,13,27.0831,0.6304,26.3326,28.5393
SGP,Singapore,lag1_mobile_cellular,14,154.9674,8.571,145.4516,173.1999
SGP,Singapore,lag2_mobile_cellular,13,153.5648,7.0534,145.4516,173.0053
SGP,Singapore,lag1_secure_servers,14,74525.0768,84790.0299,531.6412,228648.4428
SGP,Singapore,lag2_secure_servers,13,62669.4332,75210.9785,531.6412,212649.3386
SGP,Singapore,lag1_electricity_access,14,100.0,0.0,100.0,100.0
SGP,Singapore,lag2_electricity_access,13,100.0,0.0,100.0,100.0
SGP,Singapore,diff_internet_users,14,1.6698,3.1131,-1.8729,8.9021
SGP,Singapore,diff_unemp_total,14,-0.0988,0.5263,-1.049,1.0
SGP,Singapore,gap_unemp_gender,15,0.5231,0.2466,-0.073,0.926
SGP,Singapore,gap_emp_gender,15,-14.9622,2.4762,-19.156,-11.354
THA,Thailand,internet_users,15,55.4021,25.8989,22.4,90.8672
THA,Thailand,fixed_broadband,15,11.3255,4.3398,4.7417,17.5126
THA,Thailand,mobile_cellular,15,152.687,24.7591,104.5886,181.2219
THA,Thailand,secure_servers,15,1073.5769,1203.484,10.98,3149.9967
THA,Thailand,electricity_access,15,99.7333,0.2895,99.1,100.0
THA,Thailand,ict_goods_exp,15,15.7347,1.0374,14.4,18.8
THA,Thailand,ict_serv_exp,15,1.0012,0.2883,0.6343,1.5991
THA,Thailand,hightech_exp,15,24.6849,1.8415,22.1461,28.3058
THA,Thailand,unemp_total,15,0.7367,0.2303,0.249,1.215
THA,Thailand,unemp_total_nat,15,0.7368,0.2303,0.249,1.215
THA,Thailand,emp_rate_total,15,68.3897,2.2476,66.139,72.743
THA,Thailand,labor_force_part,15,68.8943,2.1661,66.94,73.226
THA,Thailand,unemp_youth,15,3.8297,1.2171,1.231,5.858
THA,Thailand,youth_neet,15,13.8627,1.1004,12.463,15.585
THA,Thailand,unemp_adv_edu,15,1.6552,0.4393,0.661,2.527
THA,Thailand,unemp_female,15,0.7532,0.2485,0.237,1.249
THA,Thailand,unemp_male,15,0.7227,0.2197,0.259,1.186
THA,Thailand,emp_rate_female,15,60.5099,2.2962,58.441,65.361
THA,Thailand,emp_rate_male,15,76.7385,2.1748,74.358,80.485
THA,Thailand,labor_force_part_fe,15,60.9662,2.2245,58.9,65.806
THA,Thailand,emp_agriculture,15,33.7259,4.2276,28.9863,42.143
THA,Thailand,emp_industry,15,22.1396,1.3262,19.4406,23.7259
THA,Thailand,emp_services,15,44.1345,3.2569,38.0346,48.7593
THA,Thailand,emp_vulnerable,15,50.3943,2.889,47.7419,55.968
THA,Thailand,emp_wage_salaried,15,46.9818,2.8915,41.6704,49.7169
THA,Thailand,emp_self,15,53.0182,2.8915,50.2831,58.3297
THA,Thailand,labor_productivity,15,34548.7139,3240.613,28701.1471,38538.4223
THA,Thailand,gdp_pc_ppp,15,19498.1405,1641.5786,16732.187,21882.2142
THA,Thailand,gdp_growth,15,2.6436,3.101,-6.0931,7.5134
THA,Thailand,trade_openness,15,125.1287,11.21,97.6624,139.6754
THA,Thailand,fdi_net_inflows,15,2.0757,1.3429,-0.8583,4.3232
THA,Thailand,urban_pop_rate,15,51.9461,6.5962,44.0019,61.8689
THA,Thailand,tertiary_edu_enr,15,46.8564,3.0088,42.5901,52.7333
THA,Thailand,pop_total,15,70734533.2,1077632.6984,68579447.0,71735329.0
THA,Thailand,pop_working_age,15,71.1174,0.5632,69.8878,71.6877
THA,Thailand,inflation_cpi,15,1.5975,1.8508,-0.8981,6.0759
THA,Thailand,ln_gdp_pc,15,9.8747,0.0858,9.7251,9.9934
THA,Thailand,ln_pop,15,18.0743,0.0153,18.0435,18.0885
THA,Thailand,lag1_internet_users,14,52.8689,24.8734,22.4,89.5353
THA,Thailand,lag2_internet_users,13,50.0484,23.4434,22.4,87.9772
THA,Thailand,lag1_fixed_broadband,14,11.0711,4.3861,4.7417,17.5126
THA,Thailand,lag2_fixed_broadband,13,10.8067,4.4475,4.7417,17.5126
THA,Thailand,lag1_mobile_cellular,14,152.119,25.5921,104.5886,181.2219
THA,Thailand,lag2_mobile_cellular,13,150.848,26.1731,104.5886,181.2219
THA,Thailand,lag1_secure_servers,14,925.2612,1097.4707,10.98,3002.534
THA,Thailand,lag2_secure_servers,13,765.471,957.8951,10.98,2746.2479
THA,Thailand,lag1_electricity_access,14,99.7143,0.2905,99.1,100.0
THA,Thailand,lag2_electricity_access,13,99.6923,0.29,99.1,100.0
THA,Thailand,diff_internet_users,14,4.8905,3.2323,1.2699,11.1913
THA,Thailand,diff_unemp_total,14,0.0114,0.2036,-0.331,0.383
THA,Thailand,gap_unemp_gender,15,0.0305,0.0752,-0.09,0.216
THA,Thailand,gap_emp_gender,15,-16.2286,0.5652,-17.024,-15.124
VNM,Viet Nam,internet_users,15,57.4666,18.4417,30.65,84.15
VNM,Viet Nam,fixed_broadband,15,12.5954,6.9772,4.1957,23.7113
VNM,Viet Nam,mobile_cellular,15,136.5984,7.8296,126.0979,148.5043
VNM,Viet Nam,secure_servers,15,1911.1631,2135.3736,2.3098,5733.7486
VNM,Viet Nam,electricity_access,15,99.3,0.8142,97.4,100.0
VNM,Viet Nam,ict_goods_exp,14,27.8307,9.4876,7.81,37.17
VNM,Viet Nam,ict_serv_exp,0,,,,
VNM,Viet Nam,hightech_exp,14,35.1666,9.463,13.1303,44.2569
VNM,Viet Nam,unemp_total,15,1.5618,0.4114,0.999,2.383
VNM,Viet Nam,unemp_total_nat,15,1.5569,0.4113,0.999,2.383
VNM,Viet Nam,emp_rate_total,15,74.7145,1.6999,71.963,76.582
VNM,Viet Nam,labor_force_part,15,75.8975,1.5743,73.134,77.482
VNM,Viet Nam,unemp_youth,15,5.4843,1.3387,3.226,7.124
VNM,Viet Nam,youth_neet,15,10.5015,2.0694,8.242,14.922
VNM,Viet Nam,unemp_adv_edu,15,3.2753,0.9122,2.075,4.626
VNM,Viet Nam,unemp_female,15,1.4718,0.4626,0.905,2.448
VNM,Viet Nam,unemp_male,15,1.6487,0.3948,1.089,2.475
VNM,Viet Nam,emp_rate_female,15,70.2852,1.7871,67.404,72.249
VNM,Viet Nam,emp_rate_male,15,79.5107,1.7061,76.344,81.348
VNM,Viet Nam,labor_force_part_fe,15,71.3313,1.6133,68.905,73.059
VNM,Viet Nam,emp_agriculture,15,38.9197,8.0607,25.8741,48.7073
VNM,Viet Nam,emp_industry,15,26.601,5.0114,21.1832,34.3195
VNM,Viet Nam,emp_services,15,34.4793,3.1334,29.6141,39.8063
VNM,Viet Nam,emp_vulnerable,15,56.7897,4.4431,51.8648,62.7268
VNM,Viet Nam,emp_wage_salaried,15,40.7789,4.7375,33.8338,46.1885
VNM,Viet Nam,emp_self,15,59.2211,4.7375,53.8115,66.1662
VNM,Viet Nam,labor_productivity,15,18486.7336,4306.4555,12790.155,26056.726
VNM,Viet Nam,gdp_pc_ppp,15,10442.7903,2252.2585,7274.7331,14396.4217
VNM,Viet Nam,gdp_growth,15,6.1155,1.6337,2.5537,8.5375
VNM,Viet Nam,trade_openness,15,152.0898,22.6063,113.9777,186.6758
VNM,Viet Nam,fdi_net_inflows,15,4.5631,0.4223,3.9409,5.4347
VNM,Viet Nam,urban_pop_rate,15,33.9402,2.7715,30.2504,38.4901
VNM,Viet Nam,tertiary_edu_enr,13,31.1248,6.584,23.9251,44.7537
VNM,Viet Nam,pop_total,15,94742184.6,4494030.0186,87455152.0,100987686.0
VNM,Viet Nam,pop_working_age,15,68.814,0.8551,67.7288,69.902
VNM,Viet Nam,inflation_cpi,15,5.0599,4.473,0.6312,18.6777
VNM,Viet Nam,ln_gdp_pc,15,9.2317,0.2176,8.8922,9.5747
VNM,Viet Nam,ln_pop,15,18.3656,0.0477,18.2866,18.4305
VNM,Viet Nam,lag1_internet_users,14,55.5607,17.5378,30.65,78.59
VNM,Viet Nam,lag2_internet_users,13,53.8284,16.9616,30.65,78.59
VNM,Viet Nam,lag1_fixed_broadband,14,11.8014,6.4994,4.1957,22.6807
VNM,Viet Nam,lag2_fixed_broadband,13,10.9645,5.9279,4.1957,21.3681
VNM,Viet Nam,lag1_mobile_cellular,14,137.2407,7.7042,126.0979,148.5043
VNM,Viet Nam,lag2_mobile_cellular,13,137.7214,7.7972,126.0979,148.5043
VNM,Viet Nam,lag1_secure_servers,14,1638.1212,1925.1693,2.3098,5256.3077
VNM,Viet Nam,lag2_secure_servers,13,1359.7992,1685.3117,2.3098,4713.4421
VNM,Viet Nam,lag1_electricity_access,14,99.25,0.8206,97.4,100.0
VNM,Viet Nam,lag2_electricity_access,13,99.2077,0.8381,97.4,100.0
VNM,Viet Nam,diff_internet_users,14,3.8214,3.3557,-1.1863,11.7079
VNM,Viet Nam,diff_unemp_total,14,0.0349,0.4056,-0.813,0.592
VNM,Viet Nam,gap_unemp_gender,15,-0.1769,0.2437,-0.345,0.665
VNM,Viet Nam,gap_emp_gender,15,-9.2255,0.7097,-11.194,-8.454
