variable,wdi_code,variable_group,count,missing_pct,mean,std,min,p25,median,p75,max,skewness
internet_users,IT.NET.USER.ZS,Hạ tầng số,146,8.75,53.8736,29.0788,0.25,30.6875,56.9375,78.0267,98.9704,-0.1887
fixed_broadband,IT.NET.BBND.P2,Hạ tầng số,145,9.38,8.5458,8.4829,0.0443,1.6728,5.6973,12.2425,28.5393,1.0747
mobile_cellular,IT.CEL.SETS.P2,Hạ tầng số,149,6.88,120.854,34.6214,1.2116,110.9621,126.0979,142.7321,181.2219,-1.2032
secure_servers,IT.NET.SECR.P6,Hạ tầng số,150,6.25,9783.5116,36888.2222,0.0202,14.5246,138.1139,2419.5933,228648.4428,4.744
electricity_access,EG.ELC.ACCS.ZS,Hạ tầng số,150,6.25,91.2247,15.1005,31.1,89.25,99.2,100.0,100.0,-2.0115
ict_goods_exp,TX.VAL.ICTG.ZS.UN,Kinh tế số,148,7.5,15.119,15.0164,0.0,0.84,9.805,29.09,49.77,0.5223
ict_serv_exp,BX.GSR.CCIS.ZS,Kinh tế số,129,19.38,6.4546,5.292,0.003,2.2404,5.3749,8.2569,33.0411,1.5278
hightech_exp,TX.VAL.TECH.MF.ZS,Kinh tế số,141,11.88,25.4793,21.2356,0.0027,7.2013,22.6972,47.7372,67.0451,0.3913
unemp_total,SL.UEM.TOTL.ZS,Việc làm (Tổng),160,0.0,2.7005,1.94,0.119,0.9892,2.616,3.7847,9.316,0.9048
unemp_total_nat,SL.UEM.TOTL.NE.ZS,Việc làm (Tổng),120,25.0,2.7111,1.8425,0.141,1.02,2.959,3.8357,9.316,0.8051
emp_rate_total,SL.EMP.TOTL.SP.ZS,Việc làm (Tổng),160,0.0,65.8418,7.2683,52.796,60.648,64.375,67.4818,84.946,0.8986
labor_force_part,SL.TLF.CACT.ZS,Việc làm (Tổng),160,0.0,67.6182,6.7694,54.746,63.7658,66.469,69.5658,85.439,0.7344
unemp_youth,SL.UEM.1524.ZS,Việc làm (Tổng),160,0.0,8.3735,6.5821,0.378,3.301,6.938,11.3065,30.809,1.1538
youth_neet,SL.UEM.NEET.ZS,Việc làm (Tổng),114,28.75,14.2023,6.6216,3.6,9.297,13.3355,20.305,28.457,0.2097
unemp_adv_edu,SL.UEM.ADVN.ZS,Việc làm (Tổng),99,38.12,3.9742,2.2409,0.661,2.403,3.696,4.736,10.325,1.0462
unemp_female,SL.UEM.TOTL.FE.ZS,Việc làm theo giới,160,0.0,2.8569,2.1921,0.151,0.9088,2.6985,3.8705,10.109,1.107
unemp_male,SL.UEM.TOTL.MA.ZS,Việc làm theo giới,160,0.0,2.6054,1.796,0.088,0.9683,2.588,3.7113,8.836,0.7387
emp_rate_female,SL.EMP.TOTL.SP.FE.ZS,Việc làm theo giới,160,0.0,56.5462,10.1005,38.978,49.2285,53.669,61.026,81.451,0.6752
emp_rate_male,SL.EMP.TOTL.SP.MA.ZS,Việc làm theo giới,160,0.0,75.0313,6.2345,61.172,70.9808,75.0905,78.7182,88.791,0.1297
labor_force_part_fe,SL.TLF.CACT.FE.ZS,Việc làm theo giới,160,0.0,58.1176,9.6701,40.941,50.9882,56.979,62.0968,81.841,0.5721
emp_agriculture,SL.AGR.EMPL.ZS,Cơ cấu và chất lượng việc làm,160,0.0,30.485,21.5903,0.0796,11.1273,31.2541,45.2733,78.9313,0.2678
emp_industry,SL.IND.EMPL.ZS,Cơ cấu và chất lượng việc làm,160,0.0,20.0097,6.2165,5.4023,16.9694,20.4161,23.7163,34.8261,-0.446
emp_services,SL.SRV.EMPL.ZS,Cơ cấu và chất lượng việc làm,160,0.0,49.5054,19.6393,15.6664,34.7333,45.7251,61.3225,86.0771,0.4289
emp_vulnerable,SL.EMP.VULN.ZS,Cơ cấu và chất lượng việc làm,160,0.0,42.6081,22.9148,4.4776,22.6947,49.8165,56.7245,82.3803,-0.286
emp_wage_salaried,SL.EMP.WORK.ZS,Cơ cấu và chất lượng việc làm,160,0.0,54.4254,22.185,16.883,40.4031,47.3302,73.7334,92.7288,0.3318
emp_self,SL.EMP.SELF.ZS,Cơ cấu và chất lượng việc làm,160,0.0,45.5746,22.185,7.2707,26.2666,52.6698,59.5969,83.117,-0.3318
labor_productivity,SL.GDP.PCAP.EM.KD,Cơ cấu và chất lượng việc làm,160,0.0,57693.7668,67667.8946,6614.0559,15255.1346,23564.2241,61635.1188,233454.4148,1.4399
gdp_pc_ppp,NY.GDP.PCAP.PP.KD,Biến kiểm soát kinh tế vĩ mô & xã hội,160,0.0,29714.0628,36976.0211,3711.5375,7015.2992,11474.1387,29288.2259,139592.6122,1.6269
gdp_growth,NY.GDP.MKTP.KD.ZG,Biến kiểm soát kinh tế vĩ mô & xã hội,160,0.0,4.3539,3.7077,-12.0164,2.9697,5.0842,6.786,14.5197,-1.533
trade_openness,NE.TRD.GNFS.ZS,Biến kiểm soát kinh tế vĩ mô & xã hội,135,15.62,134.8009,83.2851,32.9722,84.9486,123.0286,145.1619,379.0986,1.5462
fdi_net_inflows,BX.KLT.DINV.WD.GD.ZS,Biến kiểm soát kinh tế vĩ mô & xã hội,156,2.5,5.9663,6.7596,-1.7395,2.179,3.7121,6.179,32.2625,2.1429
urban_pop_rate,SP.URB.TOTL.IN.ZS,Biến kiểm soát kinh tế vĩ mô & xã hội,160,0.0,54.1446,22.0872,21.1232,34.5958,51.1571,74.3175,100.0,0.6772
tertiary_edu_enr,SE.TER.ENRR,Biến kiểm soát kinh tế vĩ mô & xã hội,126,21.25,36.2691,20.8743,11.4903,23.4282,32.6503,43.3062,101.9968,1.6136
pop_total,SP.POP.TOTL,Biến kiểm soát kinh tế vĩ mô & xã hội,160,0.0,65523090.5688,76842626.7058,392332.0,7100570.5,42501110.0,95442062.5,285721236.0,1.7041
pop_working_age,SP.POP.1564.TO.ZS,Biến kiểm soát kinh tế vĩ mô & xã hội,160,0.0,68.3636,4.2749,59.9268,64.8466,68.1269,71.2342,78.8187,0.4684
inflation_cpi,FP.CPI.TOTL.ZG,Biến kiểm soát kinh tế vĩ mô & xã hội,154,3.75,3.4437,4.122,-1.2605,1.2367,2.8829,4.2437,31.2301,3.7642
ln_gdp_pc,Phái sinh,Phái sinh,160,0.0,9.6806,1.0537,8.2192,8.8558,9.3478,10.2849,11.8465,0.7379
ln_pop,Phái sinh,Phái sinh,160,0.0,17.0285,1.7872,12.8799,15.7757,17.5531,18.374,19.4705,-0.9169
lag1_internet_users,Phái sinh,Phái sinh,146,8.75,53.8736,29.0788,0.25,30.6875,56.9375,78.0267,98.9704,-0.1887
lag2_internet_users,Phái sinh,Phái sinh,137,14.37,52.0271,28.8989,0.25,29.0,54.0,75.2111,98.9704,-0.1096
lag1_fixed_broadband,Phái sinh,Phái sinh,145,9.38,8.5458,8.4829,0.0443,1.6728,5.6973,12.2425,28.5393,1.0747
lag2_fixed_broadband,Phái sinh,Phái sinh,136,15.0,8.2274,8.3691,0.0443,1.4905,5.6666,11.6112,28.5393,1.1476
lag1_mobile_cellular,Phái sinh,Phái sinh,149,6.88,120.854,34.6214,1.2116,110.9621,126.0979,142.7321,181.2219,-1.2032
lag2_mobile_cellular,Phái sinh,Phái sinh,140,12.5,120.1585,35.2534,1.2116,110.6144,126.6693,143.0275,181.2219,-1.1867
lag1_secure_servers,Phái sinh,Phái sinh,150,6.25,9783.5116,36888.2222,0.0202,14.5246,138.1139,2419.5933,228648.4428,4.744
lag2_secure_servers,Phái sinh,Phái sinh,140,12.5,8722.5711,34152.4808,0.0202,12.6454,115.2331,1911.2886,228648.4428,5.0461
lag1_electricity_access,Phái sinh,Phái sinh,150,6.25,91.2247,15.1005,31.1,89.25,99.2,100.0,100.0,-2.0115
lag2_electricity_access,Phái sinh,Phái sinh,140,12.5,90.8064,15.4709,31.1,89.075,99.2,100.0,100.0,-1.9314
diff_internet_users,Phái sinh,Phái sinh,136,15.0,3.7169,5.1567,-12.6941,1.2966,2.993,5.4795,32.0997,1.5875
diff_unemp_total,Phái sinh,Phái sinh,150,6.25,-0.0197,0.5341,-2.504,-0.2037,-0.007,0.1583,2.864,0.0548
gap_unemp_gender,Phái sinh,Phái sinh,160,0.0,0.2515,0.6593,-1.115,-0.0922,0.157,0.489,2.566,1.1046
gap_emp_gender,Phái sinh,Phái sinh,160,0.0,-18.4851,7.9567,-31.419,-26.7597,-16.783,-10.7497,-6.689,-0.1003
