indicator_code,indicator_name,short_name,group_vi,group_en,unit,source,source_organization,source_note,download_date,indicator_name_en
IT.NET.USER.ZS,Tỷ lệ dân số dùng Internet,internet_users,Hạ tầng số,Digital Infrastructure,% dân số,World Development Indicators (World Bank),"World Telecommunication/ICT Indicators Database, International Telecommunication Union (ITU), uri: https://datahub.itu.int/","Internet users are individuals who have used the Internet (from any location) in the last 3 months. The Internet can be used via a computer, mobile phone, personal digital assistant, games machine, digital TV etc. | Ghi chú thêm: ITU / WDI. Cá nhân sử dụng internet từ bất kỳ địa điểm nào trong 3 tháng qua.",2026-10-02 11:01:33,Individuals using the Internet (% of population)
IT.NET.BBND.P2,Thuê bao băng rộng cố định,fixed_broadband,Hạ tầng số,Digital Infrastructure,Thuê bao / 100 dân,World Development Indicators (World Bank),"World Telecommunication/ICT Indicators Database, International Telecommunication Union (ITU)","Fixed broadband subscriptions refers to fixed subscriptions to high-speed access to the public Internet (a TCP/IP connection), at downstream speeds equal to, or greater than, 256 kbit/s. This includes cable modem, DSL, fiber-to-the-home/building, other fixed (wired)-broadband subscriptions, satellite broadband and terrestrial fixed wireless broadband. This total is measured irrespective of the method of payment. It excludes subscriptions that have access to data communications (including the Internet) via mobile-cellular networks. It should include fixed WiMAX and any other fixed wireless technologies. It includes both residential subscriptions and subscriptions for organizations. | Ghi chú thêm: ITU / WDI. Kết nối băng rộng cố định tốc độ >= 256 kbit/s.",2026-10-02 11:01:35,Fixed broadband subscriptions (per 100 people)
IT.CEL.SETS.P2,Thuê bao điện thoại di động,mobile_cellular,Hạ tầng số,Digital Infrastructure,Thuê bao / 100 dân,World Development Indicators (World Bank),"World Telecommunication/ICT Indicators Database, International Telecommunication Union (ITU)","Mobile cellular telephone subscriptions are subscriptions to a public mobile telephone service that provide access to the PSTN using cellular technology. The indicator includes (and is split into) the number of postpaid subscriptions, and the number of active prepaid accounts (i.e. that have been used during the last three months). The indicator applies to all mobile cellular subscriptions that offer voice communications. It excludes subscriptions via data cards or USB modems, subscriptions to public mobile data services, private trunked mobile radio, telepoint, radio paging and telemetry services. | Ghi chú thêm: ITU / WDI. Thuê bao mạng di động trả trước và trả sau.",2026-10-02 11:01:35,Mobile cellular subscriptions (per 100 people)
IT.NET.SECR.P6,Máy chủ Internet bảo mật,secure_servers,Hạ tầng số,Digital Infrastructure,Máy chủ / 1 triệu dân,World Development Indicators (World Bank),"Secure Server Survey, Netcraft, uri: http://www.netcraft.com/;
World Bank population estimates, World Bank (WB)","The number of distinct, publicly-trusted TLS/SSL certificates found in the Netcraft Secure Server Survey (by hosting country), per 1 million people. | Ghi chú thêm: Netcraft / WDI. Máy chủ hỗ trợ mã hóa SSL/TLS cho giao dịch trực tuyến.",2026-10-02 11:01:36,Secure Internet servers (per 1 million people)
EG.ELC.ACCS.ZS,Tỷ lệ tiếp cận điện lưới,electricity_access,Hạ tầng số,Digital Infrastructure,% dân số,World Development Indicators (World Bank),"SDG 7.1.1 Electrification Dataset, World Bank (WB), uri: https://trackingsdg7.esmap.org/downloads, note: Data is downloaded from ESMAP website. Data is released when a new Tracking SDG7 report is released., publisher: World Bank (WB), date accessed: 2024-05-16, date published: 2023","Access to electricity is the percentage of population with access to electricity. Electrification data are collected from industry, national surveys and international sources. | Ghi chú thêm: World Bank ESMAP. Tỷ lệ dân cư có nguồn cung cấp điện ổn định.",2026-10-02 11:01:36,Access to electricity (% of population)
TX.VAL.ICTG.ZS.UN,Xuất khẩu hàng hóa ICT,ict_goods_exp,Kinh tế số,Digital Economy,% tổng xuất khẩu hàng hóa,World Development Indicators (World Bank),"UNCTADstat database, UN Conference on Trade and Development (UNCTAD), uri: http://unctadstat.unctad.org/ReportFolders/reportFolders.aspx","Information and communication technology goods exports include computers and peripheral equipment, communication equipment, consumer electronic equipment, electronic components, and other information and technology goods (miscellaneous). | Ghi chú thêm: UNCTAD / WDI. Máy tính, thiết bị truyền thông, linh kiện điện tử.",2026-10-02 11:01:37,ICT goods exports (% of total goods exports)
BX.GSR.CCIS.ZS,Xuất khẩu dịch vụ ICT,ict_serv_exp,Kinh tế số,Digital Economy,% xuất khẩu dịch vụ (BoP),World Development Indicators (World Bank),"Balance of Payments Statistics Yearbook and data files, International Monetary Fund (IMF)","Information and communication technology service exports include computer and communications services (telecommunications and postal and courier services) and information services (computer data and news-related service transactions). | Ghi chú thêm: IMF / WDI. Dịch vụ viễn thông, máy tính và xử lý thông tin.",2026-10-02 11:01:38,"ICT service exports (% of service exports, BoP)"
TX.VAL.TECH.MF.ZS,Xuất khẩu công nghệ cao,hightech_exp,Kinh tế số,Digital Economy,% xuất khẩu hàng chế tạo,World Development Indicators (World Bank),"Comtrade database, United Nations (UN), uri: comtrade.un.org, publisher: UN Statistics Division;
World Integrated Trade Solution system (WITS), World Bank (WB), uri: https://wits.worldbank.org/","High-technology exports are products with high R&D intensity, such as in aerospace, computers, pharmaceuticals, scientific instruments, and electrical machinery. | Ghi chú thêm: UN Comtrade / WDI. Hàng hóa có cường độ nghiên cứu & phát triển (R&D) cao.",2026-10-02 11:01:39,High-technology exports (% of manufactured exports)
SL.UEM.TOTL.ZS,Tỷ lệ thất nghiệp tổng số (ILO),unemp_total,Việc làm (Tổng),Employment (Total),% lực lượng lao động,World Development Indicators (World Bank),"ILO Modelled Estimates database (ILOEST), International Labour Organization (ILO), uri: https://ilostat.ilo.org/data/bulk/, publisher: ILOSTAT, type: external database, date accessed: January 17, 2026","Unemployment refers to the share of the labor force that is without work but available for and seeking employment. | Ghi chú thêm: Ước tính mô hình của ILO (modeled ILO estimate), chuẩn hóa quốc tế.",2026-10-02 11:01:39,"Unemployment, total (% of total labor force) (modeled ILO estimate)"
SL.UEM.TOTL.NE.ZS,Tỷ lệ thất nghiệp (ước tính quốc gia),unemp_total_nat,Việc làm (Tổng),Employment (Total),% lực lượng lao động,World Development Indicators (World Bank),"Labour Force Statistics database (LFS), International Labour Organization (ILO), uri: https://ilostat.ilo.org/data/bulk/, publisher: ILOSTAT, type: external database, date accessed: June 22, 2026","Unemployment refers to the share of the labor force that is without work but available for and seeking employment. Definitions of labor force and unemployment differ by country. | Ghi chú thêm: Dữ liệu khảo sát quốc gia / Tổng cục Thống kê, dùng để đối chiếu với ILO.",2026-10-02 11:02:01,"Unemployment, total (% of total labor force) (national estimate)"
SL.EMP.TOTL.SP.ZS,Tỷ lệ việc làm trên dân số (15+),emp_rate_total,Việc làm (Tổng),Employment (Total),% dân số 15+,World Development Indicators (World Bank),"ILO Modelled Estimates database (ILOEST), International Labour Organization (ILO), uri: https://ilostat.ilo.org/data/bulk/, publisher: ILOSTAT, type: external database, date accessed: January 17, 2026",Employment to population ratio is the proportion of a country's population that is employed. | Ghi chú thêm: Ước tính mô hình của ILO (modeled ILO estimate).,2026-10-02 11:02:01,"Employment to population ratio, 15+, total (%) (modeled ILO estimate)"
SL.TLF.CACT.ZS,Tỷ lệ tham gia lực lượng lao động,labor_force_part,Việc làm (Tổng),Employment (Total),% dân số 15+,World Development Indicators (World Bank),"ILO Modelled Estimates database (ILOEST), International Labour Organization (ILO), uri: https://ilostat.ilo.org/data/bulk/, publisher: ILOSTAT, type: external database, date accessed: January 17, 2026",Labor force participation rate is the proportion of the population ages 15 and older that is economically active: all people who supply labor for the production of goods and services during a specified period. | Ghi chú thêm: Ước tính mô hình của ILO (modeled ILO estimate).,2026-10-02 11:02:02,"Labor force participation rate, total (% of total population ages 15+) (modeled ILO estimate)"
SL.UEM.1524.ZS,Tỷ lệ thất nghiệp thanh niên (15-24),unemp_youth,Việc làm (Tổng),Employment (Total),% lực lượng lao động 15-24,World Development Indicators (World Bank),"ILO Modelled Estimates database (ILOEST), International Labour Organization (ILO), uri: https://ilostat.ilo.org/data/bulk/, publisher: ILOSTAT, type: external database, date accessed: January 17, 2026",Youth unemployment refers to the share of the labor force ages 15-24 without work but available for and seeking employment. | Ghi chú thêm: Ước tính mô hình của ILO (modeled ILO estimate).,2026-10-02 11:02:02,"Unemployment, youth total (% of total labor force ages 15-24) (modeled ILO estimate)"
SL.UEM.NEET.ZS,"Tỷ lệ thanh niên NEET (không học, không làm)",youth_neet,Việc làm (Tổng),Employment (Total),% thanh niên,World Development Indicators (World Bank),"Labour Force Statistics database (LFS), International Labour Organization (ILO), uri: https://ilostat.ilo.org/data/bulk/, publisher: ILOSTAT, type: external database, date accessed: June 22, 2026","The share of youth not in education, employment or training (also known as “the NEET rate”) conveys the number of young persons not in education, employment or training as a percentage of the total youth population. Youth not in education are those who were neither enrolled in school nor in a formal training program (e.g. vocational training). For the purposes of this indicator, youth is defined as all persons between the ages of 15 and 24 (inclusive). | Ghi chú thêm: ILOSTAT. Đo lường tỷ lệ thanh niên bị tách khỏi giáo dục và việc làm.",2026-10-02 11:02:08,"Share of youth not in education, employment or training, total (% of youth population)"
SL.UEM.ADVN.ZS,Thất nghiệp ở lao động trình độ cao,unemp_adv_edu,Việc làm (Tổng),Employment (Total),% LLLĐ trình độ cao,World Development Indicators (World Bank),"Education and Mismatch Indicators database (EMI), International Labour Organization (ILO), uri: https://ilostat.ilo.org/data/bulk/, publisher: ILOSTAT, type: external database, date accessed: March 30, 2026","The percentage of the labor force with an advanced level of education who are unemployed. Advanced education comprises short-cycle tertiary education, a bachelor’s degree or equivalent education level, a master’s degree or equivalent education level, or doctoral degree or equivalent education level according to the International Standard Classification of Education 2011 (ISCED 2011). | Ghi chú thêm: ILOSTAT / WDI. Tỷ lệ thất nghiệp ở người có trình độ đại học trở lên.",2026-10-02 11:02:09,Unemployment with advanced education (% of total labor force with advanced education)
SL.UEM.TOTL.FE.ZS,Tỷ lệ thất nghiệp nữ,unemp_female,Việc làm theo giới,Employment by Gender,% lực lượng lao động nữ,World Development Indicators (World Bank),"ILO Modelled Estimates database (ILOEST), International Labour Organization (ILO), uri: https://ilostat.ilo.org/data/bulk/, publisher: ILOSTAT, type: external database, date accessed: January 17, 2026",Unemployment refers to the share of the labor force that is without work but available for and seeking employment. | Ghi chú thêm: Ước tính mô hình của ILO (modeled ILO estimate).,2026-10-02 11:02:10,"Unemployment, female (% of female labor force) (modeled ILO estimate)"
SL.UEM.TOTL.MA.ZS,Tỷ lệ thất nghiệp nam,unemp_male,Việc làm theo giới,Employment by Gender,% lực lượng lao động nam,World Development Indicators (World Bank),"ILO Modelled Estimates database (ILOEST), International Labour Organization (ILO), uri: https://ilostat.ilo.org/data/bulk/, publisher: ILOSTAT, type: external database, date accessed: January 17, 2026",Unemployment refers to the share of the labor force that is without work but available for and seeking employment. | Ghi chú thêm: Ước tính mô hình của ILO (modeled ILO estimate).,2026-10-02 11:02:11,"Unemployment, male (% of male labor force) (modeled ILO estimate)"
SL.EMP.TOTL.SP.FE.ZS,Tỷ lệ việc làm trên dân số nữ,emp_rate_female,Việc làm theo giới,Employment by Gender,% dân số nữ 15+,World Development Indicators (World Bank),"ILO Modelled Estimates database (ILOEST), International Labour Organization (ILO), uri: https://ilostat.ilo.org/data/bulk/, publisher: ILOSTAT, type: external database, date accessed: January 17, 2026",Employment to population ratio is the proportion of a country's population that is employed. | Ghi chú thêm: Ước tính mô hình của ILO (modeled ILO estimate).,2026-10-02 11:02:11,"Employment to population ratio, 15+, female (%) (modeled ILO estimate)"
SL.EMP.TOTL.SP.MA.ZS,Tỷ lệ việc làm trên dân số nam,emp_rate_male,Việc làm theo giới,Employment by Gender,% dân số nam 15+,World Development Indicators (World Bank),"ILO Modelled Estimates database (ILOEST), International Labour Organization (ILO), uri: https://ilostat.ilo.org/data/bulk/, publisher: ILOSTAT, type: external database, date accessed: January 17, 2026",Employment to population ratio is the proportion of a country's population that is employed. | Ghi chú thêm: Ước tính mô hình của ILO (modeled ILO estimate).,2026-10-02 11:02:15,"Employment to population ratio, 15+, male (%) (modeled ILO estimate)"
SL.TLF.CACT.FE.ZS,Tỷ lệ tham gia LLLĐ nữ,labor_force_part_fe,Việc làm theo giới,Employment by Gender,% dân số nữ 15+,World Development Indicators (World Bank),"ILO Modelled Estimates database (ILOEST), International Labour Organization (ILO), uri: https://ilostat.ilo.org/data/bulk/, publisher: ILOSTAT, type: external database, date accessed: January 17, 2026",The labor force participation rate is the labor force as a percent of the population ages 15 and older. The labor force is the sum of all persons of working age who are employed and those who are unemployed. | Ghi chú thêm: Ước tính mô hình của ILO (modeled ILO estimate).,2026-10-02 11:02:15,"Labor force participation rate, female (% of female population ages 15+) (modeled ILO estimate)"
SL.AGR.EMPL.ZS,Tỷ lệ việc làm trong nông nghiệp,emp_agriculture,Cơ cấu và chất lượng việc làm,Employment Structure & Quality,% tổng việc làm,World Development Indicators (World Bank),"ILO Modelled Estimates database (ILOEST), International Labour Organization (ILO), uri: https://ilostat.ilo.org/data/bulk/, publisher: ILOSTAT, type: external database, date accessed: January 17, 2026","Employment is defined as persons of working age who were engaged in any activity to produce goods or provide services for pay or profit, whether at work during the reference period or not at work due to temporary absence from a job, or to working-time arrangement. The agriculture sector consists of activities in agriculture, hunting, forestry and fishing, in accordance with division 1 (ISIC 2) or categories A-B (ISIC 3) or category A (ISIC 4). | Ghi chú thêm: Ước tính mô hình của ILO (modeled ILO estimate).",2026-10-02 11:02:16,Employment in agriculture (% of total employment) (modeled ILO estimate)
SL.IND.EMPL.ZS,Tỷ lệ việc làm trong công nghiệp,emp_industry,Cơ cấu và chất lượng việc làm,Employment Structure & Quality,% tổng việc làm,World Development Indicators (World Bank),"ILO Modelled Estimates database (ILOEST), International Labour Organization (ILO), uri: https://ilostat.ilo.org/data/bulk/, publisher: ILOSTAT, type: external database, date accessed: January 17, 2026","Employment is defined as persons of working age who were engaged in any activity to produce goods or provide services for pay or profit, whether at work during the reference period or not at work due to temporary absence from a job, or to working-time arrangement. The industry sector consists of mining and quarrying, manufacturing, construction, and public utilities (electricity, gas, and water), in accordance with divisions 2-5 (ISIC 2) or categories C-F (ISIC 3) or categories B-F (ISIC 4). | Ghi chú thêm: Ước tính mô hình của ILO (modeled ILO estimate).",2026-10-02 11:02:17,Employment in industry (% of total employment) (modeled ILO estimate)
SL.SRV.EMPL.ZS,Tỷ lệ việc làm trong dịch vụ,emp_services,Cơ cấu và chất lượng việc làm,Employment Structure & Quality,% tổng việc làm,World Development Indicators (World Bank),"ILO Modelled Estimates database (ILOEST), International Labour Organization (ILO), uri: https://ilostat.ilo.org/data/bulk/, publisher: ILOSTAT, type: external database, date accessed: January 17, 2026","Employment is defined as persons of working age who were engaged in any activity to produce goods or provide services for pay or profit, whether at work during the reference period or not at work due to temporary absence from a job, or to working-time arrangement. The services sector consists of wholesale and retail trade and restaurants and hotels; transport, storage, and communications; financing, insurance, real estate, and business services; and community, social, and personal services, in accordance with divisions 6-9 (ISIC 2) or categories G-Q (ISIC 3) or categories G-U (ISIC 4). | Ghi chú thêm: Ước tính mô hình của ILO (modeled ILO estimate).",2026-10-02 11:02:17,Employment in services (% of total employment) (modeled ILO estimate)
SL.EMP.VULN.ZS,Tỷ lệ việc làm dễ bị tổn thương,emp_vulnerable,Cơ cấu và chất lượng việc làm,Employment Structure & Quality,% tổng việc làm,World Development Indicators (World Bank),"ILO Modelled Estimates database (ILOEST), International Labour Organization (ILO), uri: https://ilostat.ilo.org/data/bulk/, publisher: ILOSTAT, type: estimates based on external database;
Staff estimates, World Bank (WB)",Vulnerable employment is contributing family workers and own-account workers as a percentage of total employment. | Ghi chú thêm: Ước tính mô hình của ILO. Tổng lao động tự doanh và lao động gia đình.,2026-10-02 11:02:18,"Vulnerable employment, total (% of total employment) (modeled ILO estimate)"
SL.EMP.WORK.ZS,Lao động làm công ăn lương,emp_wage_salaried,Cơ cấu và chất lượng việc làm,Employment Structure & Quality,% tổng việc làm,World Development Indicators (World Bank),"ILO Modelled Estimates database (ILOEST), International Labour Organization (ILO), uri: https://ilostat.ilo.org/data/bulk/, publisher: ILOSTAT, type: external database, date accessed: January 17, 2026","Wage and salaried workers (employees) are those workers who hold the type of jobs defined as ""paid employment jobs,"" where the incumbents hold explicit (written or oral) or implicit employment contracts that give them a basic remuneration that is not directly dependent upon the revenue of the unit for which they work. | Ghi chú thêm: Ước tính mô hình của ILO. Đại diện cho việc làm khu vực chính thức.",2026-10-02 11:02:18,"Wage and salaried workers, total (% of total employment) (modeled ILO estimate)"
SL.EMP.SELF.ZS,Lao động tự làm việc (tự doanh),emp_self,Cơ cấu và chất lượng việc làm,Employment Structure & Quality,% tổng việc làm,World Development Indicators (World Bank),"ILO Modelled Estimates database (ILOEST), International Labour Organization (ILO), uri: https://ilostat.ilo.org/data/bulk/, publisher: ILOSTAT, type: external database, date accessed: January 17, 2026","Self-employed workers are those workers who, working on their own account or with one or a few partners or in cooperative, hold the type of jobs defined as a ""self-employment jobs."" i.e. jobs where the remuneration is directly dependent upon the profits derived from the goods and services produced. Self-employed workers include sub-categories of employers, own-account workers and members of producers' cooperatives and contributing family workers. | Ghi chú thêm: Ước tính mô hình của ILO (tự chủ kinh doanh, hộ gia đình).",2026-10-02 11:02:19,"Self-employed, total (% of total employment) (modeled ILO estimate)"
SL.GDP.PCAP.EM.KD,Năng suất lao động (GDP/lao động),labor_productivity,Cơ cấu và chất lượng việc làm,Employment Structure & Quality,USD PPP 2021,World Development Indicators (World Bank),"Staff estimates, World Bank (WB), note: Estimates are based on employment, population, GDP, and PPP data obtained from International Labour Organization, United Nations Population Division, Eurostat, OECD, and World Bank., type: estimates based on external database;
International Labour Organization (ILO);
United Nations (UN), publisher: UN Population Division;
Eurostat (ESTAT);
Organisation for Economic Co-operation and Development (OECD);
World Development Indicators database, World Bank (WB)",GDP per person employed is gross domestic product (GDP) divided by total employment in the economy. Purchasing power parity (PPP) GDP is GDP converted to 2021 constant international dollars using PPP rates. An international dollar has the same purchasing power over GDP that a U.S. dollar has in the United States. | Ghi chú thêm: ILOSTAT / WDI. GDP bình quân chia tổng số lao động có việc làm.,2026-10-02 11:02:20,GDP per person employed (constant 2021 PPP $)
NY.GDP.PCAP.PP.KD,GDP bình quân đầu người (PPP),gdp_pc_ppp,Biến kiểm soát kinh tế vĩ mô & xã hội,Control Variables,USD quốc tế 2021,World Development Indicators (World Bank),"International Comparison Program (ICP), World Bank (WB), uri: https://www.worldbank.org/en/programs/icp/data, note: This information is for ICP’s PPPs utilized in WDI, publisher: International Comparison Program (ICP), date accessed: May 30, 2024, date published: May 30, 2024;
The Eurostat PPP Programme, Eurostat (ESTAT), uri: https://ec.europa.eu/eurostat/databrowser/explore/all/all_themes, publisher: Eurostat;
The OECD PPP Programme, Organisation for Economic Co-operation and Development (OECD), uri: https://data-explorer.oecd.org/, publisher: OECD;
Staff estimates, World Bank (WB);
National Accounts data files, Organisation for Economic Co-operation and Development (OECD);
World Economic Outlook database, International Monetary Fund (IMF)","This indicator provides values for gross domestic product (GDP) per person expressed in constant international dollars, converted by purchasing power parities (PPPs). PPPs account for the different price levels across countries and thus PPP-based comparisons of economic output are more appropriate for comparing the output of economies and the average material well-being of their inhabitants than exchange-rate based comparisons. 

Gross domestic product is the total income earned through the production of goods and services in an economic territory during an accounting period. It can be measured in three different ways: using either the expenditure approach, the income approach, or the production approach. The core indicator has been divided by the general population to achieve a per capita estimate. This indicator is expressed in constant prices, meaning the series has been adjusted to account for price changes over time. The reference year for this adjustment is 2021. The PPP conversion factor is a currency conversion factor and a spatial price deflator. PPPs convert different currencies to a common currency and, in the process of conversion, equalize their purchasing power by eliminating the differences in price levels between countries, thereby allowing volume or output comparisons of GDP and its expenditure components. | Ghi chú thêm: World Bank ICP. Đo lường mức thu nhập bình quân theo giá trị sức mua tương đương.",2026-10-02 11:02:21,"GDP per capita, PPP (constant 2021 international $)"
NY.GDP.MKTP.KD.ZG,Tăng trưởng GDP hàng năm,gdp_growth,Biến kiểm soát kinh tế vĩ mô & xã hội,Control Variables,% hàng năm,World Development Indicators (World Bank),"Country official statistics, National Statistical Organizations and/or Central Banks;
National Accounts data files, Organisation for Economic Co-operation and Development (OECD);
Staff estimates, World Bank (WB)","Gross domestic product is the total income earned through the production of goods and services in an economic territory during an accounting period. It can be measured in three different ways: using either the expenditure approach, the income approach, or the production approach. This indicator denotes the percentage change over each previous year of the constant price (base year 2015) series in United States dollars. | Ghi chú thêm: World Bank national accounts. Tăng trưởng kinh tế thực tế theo đồng nội tệ.",2026-10-02 11:02:21,GDP growth (annual %)
NE.TRD.GNFS.ZS,Độ mở thương mại,trade_openness,Biến kiểm soát kinh tế vĩ mô & xã hội,Control Variables,% GDP,World Development Indicators (World Bank),"Country official statistics, National Statistical Organizations and/or Central Banks;
National Accounts data files, Organisation for Economic Co-operation and Development (OECD);
Staff estimates, World Bank (WB)",Trade is the sum of exports and imports of goods and services. This indicator is expressed as a percentage of Gross Domestic Product (GDP) which is the total income earned through the production of goods and services in an economic territory during an accounting period. | Ghi chú thêm: World Bank / OECD. (Xuất khẩu + Nhập khẩu) / GDP.,2026-10-02 11:02:22,Trade (% of GDP)
BX.KLT.DINV.WD.GD.ZS,Dòng vốn FDI ròng,fdi_net_inflows,Biến kiểm soát kinh tế vĩ mô & xã hội,Control Variables,% GDP,World Development Indicators (World Bank),"International Financial Statistics and Balance of Payments databases, International Monetary Fund (IMF);
International Debt Statistics, World Bank (WB);
World Bank GDP estimates, World Bank (WB);
OECD GDP estimates, Organisation for Economic Co-operation and Development (OECD)","Foreign direct investment is the net inflows of investment to acquire a lasting management interest (10 percent or more of voting stock) in an enterprise operating in an economy other than that of the investor. It is the sum of equity capital, reinvestment of earnings, other long-term capital, and short-term capital as shown in the balance of payments. This series shows net inflows (new investment inflows less disinvestment) in the reporting economy from foreign investors, and is divided by GDP. | Ghi chú thêm: IMF / World Bank. Vốn đầu tư trực tiếp nước ngoài ròng đổ vào quốc gia.",2026-10-02 11:02:22,"Foreign direct investment, net inflows (% of GDP)"
SP.URB.TOTL.IN.ZS,Tỷ lệ dân số đô thị,urban_pop_rate,Biến kiểm soát kinh tế vĩ mô & xã hội,Control Variables,% tổng dân số,World Development Indicators (World Bank),"World Urbanization Prospects, United Nations (UN), uri: https://population.un.org/wup/, note: United Nations Population Division's World Urbanization Prospects, National definitions, publisher: UN Population Division",Urban population refers to people living in urban areas as defined by national statistical offices. The data are collected and smoothed by United Nations Population Division. | Ghi chú thêm: UN Population Division / WDI. Tỷ lệ dân cư sinh sống tại khu vực thành thị.,2026-10-02 11:02:23,Urban population (% of total population)
SE.TER.ENRR,Tỷ lệ nhập học đại học/cao đẳng,tertiary_edu_enr,Biến kiểm soát kinh tế vĩ mô & xã hội,Control Variables,% thô,World Development Indicators (World Bank),"Data API, UN Educational, Scientific and Cultural Organization (UNESCO), uri: https://databrowser.uis.unesco.org/resources, note: The data are obtained through the UIS API.  Detailed documentation is available at: https://api.uis.unesco.org/api/public/documentation/, publisher: UNESCO Institute for Statistics (UIS), type: Bulk file (csv), date accessed: 2026-03-19, date published: 2026-02","Gross enrollment ratio is the ratio of total enrollment, regardless of age, to the population of the age group that officially corresponds to the level of education shown. Tertiary education, whether or not to an advanced research qualification, normally requires, as a minimum condition of admission, the successful completion of education at the secondary level. | Ghi chú thêm: UNESCO Institute for Statistics. Phản ánh mức độ tích lũy vốn con người bậc cao.",2026-10-02 11:02:24,"School enrollment, tertiary (% gross)"
SP.POP.TOTL,Tổng dân số,pop_total,Biến kiểm soát kinh tế vĩ mô & xã hội,Control Variables,Người,World Development Indicators (World Bank),"World Population Prospects, United Nations (UN), uri: https://population.un.org/wpp/, publisher: UN Population Division;
Statistical databases and publications from national statistical offices, National Statistical Offices (NSOs), uri: https://unstats.un.org/home/nso_sites/, publisher: National Statistical Offices;
Eurostat: Demographic Statistics, Eurostat (ESTAT), uri: https://ec.europa.eu/eurostat/data/database?node_code=earn_ses_monthly, publisher: Eurostat;
Population and Vital Statistics Report (various years), United Nations (UN), uri: https://unstats.un.org, publisher: UN Statistics Division","Total population is based on the de facto definition of population, which counts all residents regardless of legal status or citizenship. The values shown are midyear estimates. | Ghi chú thêm: Ước tính dân số giữa năm của Liên Hợp Quốc và World Bank.",2026-10-02 11:02:45,"Population, total"
SP.POP.1564.TO.ZS,Tỷ lệ dân số 15-64 tuổi,pop_working_age,Biến kiểm soát kinh tế vĩ mô & xã hội,Control Variables,% tổng dân số,World Development Indicators (World Bank),"World Population Prospects, United Nations (UN), publisher: UN Population Division","Total population between the ages 15 to 64 as a percentage of the total population. Population is based on the de facto definition of population, which counts all residents regardless of legal status or citizenship. | Ghi chú thêm: UN Population Division / WDI. Tỷ trọng dân số trong độ tuổi lao động vàng.",2026-10-02 11:02:46,Population ages 15-64 (% of total population)
FP.CPI.TOTL.ZG,Tỷ lệ lạm phát (CPI),inflation_cpi,Biến kiểm soát kinh tế vĩ mô & xã hội,Control Variables,% hàng năm,World Development Indicators (World Bank),"International Financial Statistics database, International Monetary Fund (IMF)","Inflation as measured by the consumer price index reflects the annual percentage change in the cost to the average consumer of acquiring a basket of goods and services that may be fixed or changed at specified intervals, such as yearly. | Ghi chú thêm: IMF International Financial Statistics. Biến động chỉ số giá tiêu dùng bình quân.",2026-10-02 11:02:47,"Inflation, consumer prices (annual %)"
